[{
  "_id": {
    "$oid": "6660772a48669940652314c2"
  },
  "trCurrentDate": "26-07-2022",
  "trDealId": "charles fort cdo i ltd.",
  "trID": "076656bc-02a3-42a2-bb7c-d55d4ecaa2df",
  "trName": "SUBORD",
  "trOriginalBalance": "17000000",
  "trSeqNo": "11",
  "trUserID": "4786c609-b9e2-4eb8-acb9-575af0aa6e51",
  "trcusip": "159846AA4"
},{
  "_id": {
    "$oid": "6660772a48669940652314da"
  },
  "trCurrentDate": "26-07-2022",
  "trDealId": "charlesforttest",
  "trID": "d5bfedbc-4c71-4984-a979-a7da635ea6ec",
  "trName": "A2",
  "trOriginalBalance": "60000000",
  "trSeqNo": "3",
  "trUserID": "4786c609-b9e2-4eb8-acb9-575af0aa6e51",
  "trcusip": "G08964AB7"
},{
  "_id": {
    "$oid": "6660772a48669940652314c6"
  },
  "trCurrentDate": "26-07-2022",
  "trDealId": "charlesforttest",
  "trID": "4a9d6d06-d014-44f8-8a0c-c677f05c7a49",
  "trName": "E",
  "trOriginalBalance": "10000000",
  "trSeqNo": "10",
  "trUserID": "4786c609-b9e2-4eb8-acb9-575af0aa6e51",
  "trcusip": "159846AG9"
},{
  "_id": {
    "$oid": "6660772a48669940652314c7"
  },
  "trCurrentDate": "26-07-2022",
  "trDealId": "charlesforttest",
  "trID": "4ba94207-b59c-42f5-abdb-096fb923f4d0",
  "trName": "B",
  "trOriginalBalance": "0",
  "trSeqNo": "4",
  "trUserID": "4786c609-b9e2-4eb8-acb9-575af0aa6e51",
  "trcusip": "159846AC8"
},{
  "_id": {
    "$oid": "6660772a48669940652314d2"
  },
  "trCurrentDate": "03-08-2022",
  "trDealId": "mohanatest",
  "trID": "8a8e0e36-89bf-4b6c-9aaf-0745d7323f1e",
  "trName": "B",
  "trOriginalBalance": "0.00",
  "trSeqNo": "4",
  "trUserID": "4786c609-b9e2-4eb8-acb9-575af0aa6e51",
  "trcusip": "159846AC8"
},{
  "_id": {
    "$oid": "6660772a48669940652314dc"
  },
  "trCurrentDate": "03-08-2022",
  "trDealId": "mohanatest",
  "trID": "db45ea12-c006-471f-adbf-41f85c92b91b",
  "trName": "C",
  "trOriginalBalance": "17000000.00",
  "trSeqNo": "6",
  "trUserID": "4786c609-b9e2-4eb8-acb9-575af0aa6e51",
  "trcusip": "159846AD6"
},{
  "_id": {
    "$oid": "6660772a48669940652314c5"
  },
  "trCurrentDate": "26-07-2022",
  "trDealId": "charles fort cdo i ltd.",
  "trID": "29f5cb7a-9f91-4101-8a06-e0e967d000e6",
  "trName": "C",
  "trOriginalBalance": "7000000.00132876",
  "trSeqNo": "7",
  "trUserID": "4786c609-b9e2-4eb8-acb9-575af0aa6e51",
  "trcusip": "G08964AD3"
},{
  "_id": {
    "$oid": "6660772a48669940652314e0"
  },
  "trCurrentDate": "03-08-2022",
  "trDealId": "mohanatest",
  "trID": "f0e1cca0-81b8-4f26-bc53-ea359b54ed27",
  "trName": "A2",
  "trOriginalBalance": "60000000.00",
  "trSeqNo": "3",
  "trUserID": "4786c609-b9e2-4eb8-acb9-575af0aa6e51",
  "trcusip": "G08964AB7"
},{
  "_id": {
    "$oid": "6660772a48669940652314ca"
  },
  "trCurrentDate": "26-07-2022",
  "trDealId": "charlesforttest",
  "trID": "572a8d36-8a5f-4a23-8621-d3bf028cc31e",
  "trName": "B",
  "trOriginalBalance": "24000000",
  "trSeqNo": "5",
  "trUserID": "4786c609-b9e2-4eb8-acb9-575af0aa6e51",
  "trcusip": "G08964AC5"
},{
  "_id": {
    "$oid": "6660772a48669940652314cb"
  },
  "trCurrentDate": "26-07-2022",
  "trDealId": "charlesforttest",
  "trID": "683a256b-6905-4b00-9f09-3d0efc57edf6",
  "trName": "C",
  "trOriginalBalance": "16999999.9986712",
  "trSeqNo": "6",
  "trUserID": "4786c609-b9e2-4eb8-acb9-575af0aa6e51",
  "trcusip": "159846AD6"
},{
  "_id": {
    "$oid": "6660772a48669940652314cc"
  },
  "trCurrentDate": "26-07-2022",
  "trDealId": "charles fort cdo i ltd.",
  "trID": "6951b3b6-46ab-4e06-b734-df689affbc05",
  "trName": "E",
  "trOriginalBalance": "10000000",
  "trSeqNo": "10",
  "trUserID": "4786c609-b9e2-4eb8-acb9-575af0aa6e51",
  "trcusip": "159846AG9"
},{
  "_id": {
    "$oid": "6660772a48669940652314cd"
  },
  "trCurrentDate": "26-07-2022",
  "trDealId": "charlesforttest",
  "trID": "6e5e471e-c56b-4c41-b5d9-db2917286d15",
  "trName": "A1",
  "trOriginalBalance": "220000000",
  "trSeqNo": "1",
  "trUserID": "4786c609-b9e2-4eb8-acb9-575af0aa6e51",
  "trcusip": "159846AA2"
},{
  "_id": {
    "$oid": "6660772a48669940652314ce"
  },
  "trCurrentDate": "26-07-2022",
  "trDealId": "charlesforttest",
  "trID": "76eca0b6-fa4e-48bc-8afc-1eaefa287358",
  "trName": "C",
  "trOriginalBalance": "7000000.00132876",
  "trSeqNo": "7",
  "trUserID": "4786c609-b9e2-4eb8-acb9-575af0aa6e51",
  "trcusip": "G08964AD3"
},{
  "_id": {
    "$oid": "6660772a48669940652314cf"
  },
  "trCurrentDate": "26-07-2022",
  "trDealId": "charles fort cdo i ltd.",
  "trID": "7be90578-1c0e-48ad-afff-45d41680de01",
  "trName": "D2",
  "trOriginalBalance": "13000000",
  "trSeqNo": "9",
  "trUserID": "4786c609-b9e2-4eb8-acb9-575af0aa6e51",
  "trcusip": "159846AF1"
},{
  "_id": {
    "$oid": "6660772a48669940652314d0"
  },
  "trCurrentDate": "03-08-2022",
  "trDealId": "mohanatest",
  "trID": "85bd82a9-f3d6-46db-a9b3-7b004d15d74e",
  "trName": "A2",
  "trOriginalBalance": "0.00",
  "trSeqNo": "2",
  "trUserID": "4786c609-b9e2-4eb8-acb9-575af0aa6e51",
  "trcusip": "159846AB0"
},{
  "_id": {
    "$oid": "6660772a48669940652314d1"
  },
  "trCurrentDate": "03-08-2022",
  "trDealId": "mohanatest",
  "trID": "876f6437-1c78-4eca-a78e-8dc2b433a476",
  "trName": "D1",
  "trOriginalBalance": "6000000.00",
  "trSeqNo": "8",
  "trUserID": "4786c609-b9e2-4eb8-acb9-575af0aa6e51",
  "trcusip": "159846AE4"
},{
  "_id": {
    "$oid": "6660772a48669940652314d4"
  },
  "trCurrentDate": "26-07-2022",
  "trDealId": "charles fort cdo i ltd.",
  "trID": "9c3e6162-ace4-4e73-a51f-966c433e6ecb",
  "trName": "B",
  "trOriginalBalance": "24000000",
  "trSeqNo": "5",
  "trUserID": "4786c609-b9e2-4eb8-acb9-575af0aa6e51",
  "trcusip": "G08964AC5"
},{
  "_id": {
    "$oid": "6660772a48669940652314d5"
  },
  "trCurrentDate": "03-08-2022",
  "trDealId": "mohanatest",
  "trID": "a99ff653-455d-4cad-adb1-e0852bb73144",
  "trName": "A1",
  "trOriginalBalance": "220000000.00",
  "trSeqNo": "1",
  "trUserID": "4786c609-b9e2-4eb8-acb9-575af0aa6e51",
  "trcusip": "159846AA2"
},{
  "_id": {
    "$oid": "6660772a48669940652314d8"
  },
  "trCurrentDate": "26-07-2022",
  "trDealId": "charles fort cdo i ltd.",
  "trID": "c97b9f76-ca6a-4c93-8ba5-3402215a288c",
  "trName": "C",
  "trOriginalBalance": "16999999.9986712",
  "trSeqNo": "6",
  "trUserID": "4786c609-b9e2-4eb8-acb9-575af0aa6e51",
  "trcusip": "159846AD6"
},{
  "_id": {
    "$oid": "6660772a48669940652314d6"
  },
  "trCurrentDate": "26-07-2022",
  "trDealId": "charlesforttest",
  "trID": "b1bafd21-9c43-4a4d-80b6-90948d2581f8",
  "trName": "D2",
  "trOriginalBalance": "13000000",
  "trSeqNo": "9",
  "trUserID": "4786c609-b9e2-4eb8-acb9-575af0aa6e51",
  "trcusip": "159846AF1"
},{
  "_id": {
    "$oid": "6660772a48669940652314d7"
  },
  "trCurrentDate": "26-07-2022",
  "trDealId": "charles fort cdo i ltd.",
  "trID": "c37feef7-34f9-4104-80e9-77e521636b60",
  "trName": "B",
  "trOriginalBalance": "0",
  "trSeqNo": "4",
  "trUserID": "4786c609-b9e2-4eb8-acb9-575af0aa6e51",
  "trcusip": "159846AC8"
},{
  "_id": {
    "$oid": "6660772a48669940652314d9"
  },
  "trCurrentDate": "26-07-2022",
  "trDealId": "charles fort cdo i ltd.",
  "trID": "d1a6028d-88cb-4ab2-9c22-815b9f617581",
  "trName": "A2",
  "trOriginalBalance": "0",
  "trSeqNo": "2",
  "trUserID": "4786c609-b9e2-4eb8-acb9-575af0aa6e51",
  "trcusip": "159846AB0"
},{
  "_id": {
    "$oid": "6660772a48669940652314c4"
  },
  "trCurrentDate": "26-07-2022",
  "trDealId": "charlesforttest",
  "trID": "167176d4-6785-43b6-825b-570915ad5eb2",
  "trName": "A2",
  "trOriginalBalance": "0",
  "trSeqNo": "2",
  "trUserID": "4786c609-b9e2-4eb8-acb9-575af0aa6e51",
  "trcusip": "159846AB0"
},{
  "_id": {
    "$oid": "6660772a48669940652314db"
  },
  "trCurrentDate": "03-08-2022",
  "trDealId": "mohanatest",
  "trID": "d82c6750-349c-462f-8eac-8d5c657ca820",
  "trName": "E",
  "trOriginalBalance": "10000000.00",
  "trSeqNo": "10",
  "trUserID": "4786c609-b9e2-4eb8-acb9-575af0aa6e51",
  "trcusip": "159846AG9"
},{
  "_id": {
    "$oid": "6660772a48669940652314dd"
  },
  "trCurrentDate": "26-07-2022",
  "trDealId": "charles fort cdo i ltd.",
  "trID": "de25640f-d043-4ab7-bd65-20327707f094",
  "trName": "D1",
  "trOriginalBalance": "6000000",
  "trSeqNo": "8",
  "trUserID": "4786c609-b9e2-4eb8-acb9-575af0aa6e51",
  "trcusip": "159846AE4"
},{
  "_id": {
    "$oid": "6660772a48669940652314de"
  },
  "trCurrentDate": "03-08-2022",
  "trDealId": "mohanatest",
  "trID": "e80c82d1-5899-4128-929b-8c159820df4e",
  "trName": "SUBORD",
  "trOriginalBalance": "17000000.00",
  "trSeqNo": "11",
  "trUserID": "4786c609-b9e2-4eb8-acb9-575af0aa6e51",
  "trcusip": "159846AA4"
},{
  "_id": {
    "$oid": "6660772a48669940652314c8"
  },
  "trCurrentDate": "26-07-2022",
  "trDealId": "charles fort cdo i ltd.",
  "trID": "50caa849-f62f-4391-803a-8d8a40cf6e2a",
  "trName": "A2",
  "trOriginalBalance": "60000000",
  "trSeqNo": "3",
  "trUserID": "4786c609-b9e2-4eb8-acb9-575af0aa6e51",
  "trcusip": "G08964AB7"
},{
  "_id": {
    "$oid": "6660772a48669940652314e2"
  },
  "trCurrentDate": "03-08-2022",
  "trDealId": "mohanatest",
  "trID": "ffd407c4-b0da-4fb8-b2c0-3dffdbc24707",
  "trName": "D2",
  "trOriginalBalance": "13000000.00",
  "trSeqNo": "9",
  "trUserID": "4786c609-b9e2-4eb8-acb9-575af0aa6e51",
  "trcusip": "159846AF1"
},{
  "_id": {
    "$oid": "6660772a48669940652314c3"
  },
  "trCurrentDate": "03-08-2022",
  "trDealId": "mohanatest",
  "trID": "0f8507be-70c8-4aff-bcaa-4349c4a8387c",
  "trName": "C",
  "trOriginalBalance": "7000000.00",
  "trSeqNo": "7",
  "trUserID": "4786c609-b9e2-4eb8-acb9-575af0aa6e51",
  "trcusip": "G08964AD3"
},{
  "_id": {
    "$oid": "6660772a48669940652314c9"
  },
  "trCurrentDate": "03-08-2022",
  "trDealId": "mohanatest",
  "trID": "533bd60e-b047-47e4-932a-115ee1dcea2d",
  "trName": "B",
  "trOriginalBalance": "24000000.00",
  "trSeqNo": "5",
  "trUserID": "4786c609-b9e2-4eb8-acb9-575af0aa6e51",
  "trcusip": "G08964AC5"
},{
  "_id": {
    "$oid": "6660772a48669940652314d3"
  },
  "trCurrentDate": "26-07-2022",
  "trDealId": "charlesforttest",
  "trID": "8c019e21-6f8c-44f1-a19b-58d42d62b3d0",
  "trName": "SUBORD",
  "trOriginalBalance": "17000000",
  "trSeqNo": "11",
  "trUserID": "4786c609-b9e2-4eb8-acb9-575af0aa6e51",
  "trcusip": "159846AA4"
},{
  "_id": {
    "$oid": "6660772a48669940652314df"
  },
  "trCurrentDate": "26-07-2022",
  "trDealId": "charlesforttest",
  "trID": "e98199bd-dd5b-4eab-8366-6518c82ca459",
  "trName": "D1",
  "trOriginalBalance": "6000000",
  "trSeqNo": "8",
  "trUserID": "4786c609-b9e2-4eb8-acb9-575af0aa6e51",
  "trcusip": "159846AE4"
},{
  "_id": {
    "$oid": "6660772a48669940652314e1"
  },
  "trCurrentDate": "26-07-2022",
  "trDealId": "charles fort cdo i ltd.",
  "trID": "fbe85ee0-cc7a-4359-a51a-c8bc9950b596",
  "trName": "A1",
  "trOriginalBalance": "220000000",
  "trSeqNo": "1",
  "trUserID": "4786c609-b9e2-4eb8-acb9-575af0aa6e51",
  "trcusip": "159846AA2"
}]