[{
  "_id": {
    "$oid": "6660771748669940652314bb"
  },
  "DealID": "mohanatest",
  "ID": "4fe91cc7-7783-4964-8643-b94f156d66c1",
  "Month": "6",
  "Status": "0",
  "User": "a0f9faea-e21c-4d0f-91ad-c4c6f714b94b",
  "Version": "Version 1",
  "Year": "2022"
},{
  "_id": {
    "$oid": "6660771748669940652314c0"
  },
  "DealID": "charles fort cdo i ltd.",
  "ID": "be24a3d0-5322-4ed4-93d2-87cafec66923",
  "Month": "8",
  "Status": "0",
  "User": "a0f9faea-e21c-4d0f-91ad-c4c6f714b94b",
  "Version": "Version 6",
  "Year": "2022"
},{
  "_id": {
    "$oid": "6660771748669940652314b6"
  },
  "DealID": "mohanatest",
  "ID": "07e0a5b2-662a-484b-ac85-ae9923d35698",
  "Month": "9",
  "Status": "0",
  "User": "a0f9faea-e21c-4d0f-91ad-c4c6f714b94b",
  "Version": "Version 5",
  "Year": "2022"
},{
  "_id": {
    "$oid": "6660771748669940652314b7"
  },
  "DealID": "charlesforttest",
  "ID": "097db87e-24e1-473e-bca6-40816d5992fc",
  "Month": "6",
  "Status": "1",
  "User": "",
  "Version": "Version 1",
  "Year": "2022"
},{
  "_id": {
    "$oid": "6660771748669940652314b8"
  },
  "DealID": "charles fort cdo i ltd.",
  "ID": "199c61c0-4892-4adf-9555-9e79fd453bd6",
  "Month": "9",
  "Status": "0",
  "User": "a0f9faea-e21c-4d0f-91ad-c4c6f714b94b",
  "Version": "Version 1",
  "Year": "2022"
},{
  "_id": {
    "$oid": "6660771748669940652314ba"
  },
  "DealID": "charlesforttest",
  "ID": "33d47250-bdae-47d7-b4b1-bab5324668aa",
  "Month": "6",
  "Status": "0",
  "User": "a0f9faea-e21c-4d0f-91ad-c4c6f714b94b",
  "Version": "Version 10",
  "Year": "2022"
},{
  "_id": {
    "$oid": "6660771748669940652314b9"
  },
  "DealID": "mohanatest",
  "ID": "216eac4a-613b-4de3-bf44-315a91d8d3ac",
  "Month": "8",
  "Status": "0",
  "User": "a0f9faea-e21c-4d0f-91ad-c4c6f714b94b",
  "Version": "Version 1",
  "Year": "2022"
},{
  "_id": {
    "$oid": "6660771748669940652314bd"
  },
  "DealID": "charlesforttest",
  "ID": "95378e60-58f5-4557-8642-2d8cd2062a78",
  "Month": "7",
  "Status": "1",
  "User": "a0f9faea-e21c-4d0f-91ad-c4c6f714b94b",
  "Version": "Version 5",
  "Year": "2022"
},{
  "_id": {
    "$oid": "6660771748669940652314be"
  },
  "DealID": "charles fort cdo i ltd.",
  "ID": "aa3a4a1a-e204-417e-8c03-0973969182fc",
  "Month": "6",
  "Status": "1",
  "User": "a0f9faea-e21c-4d0f-91ad-c4c6f714b94b",
  "Version": "Version 4",
  "Year": "2022"
},{
  "_id": {
    "$oid": "6660771748669940652314bf"
  },
  "DealID": "charlesforttest",
  "ID": "b5a95038-128f-4c58-8372-d9fcd0863c05",
  "Month": "8",
  "Status": "0",
  "User": "a0f9faea-e21c-4d0f-91ad-c4c6f714b94b",
  "Version": "Version 13",
  "Year": "2022"
},{
  "_id": {
    "$oid": "6660771748669940652314bc"
  },
  "DealID": "mohanatest",
  "ID": "6d746114-b9fb-49a8-bf5a-9eefd8736ffd",
  "Month": "7",
  "Status": "0",
  "User": "a0f9faea-e21c-4d0f-91ad-c4c6f714b94b",
  "Version": "Version 1",
  "Year": "2022"
},{
  "_id": {
    "$oid": "6660771748669940652314c1"
  },
  "DealID": "charles fort cdo i ltd.",
  "ID": "c901aed0-707f-4130-ba52-8fec8065d7e6",
  "Month": "7",
  "Status": "1",
  "User": "a0f9faea-e21c-4d0f-91ad-c4c6f714b94b",
  "Version": "Version 3",
  "Year": "2022"
}]