[{
  "_id": {
    "$oid": "6660785a0ed97a41a29309e7"
  },
  "DealName": "Charles Fort CDO I Ltd.",
  "Month": "6",
  "Year": "2022",
  "Data": [
    {
      "GDealID": "charles fort cdo i ltd.",
      "GID": "a17662d1-3df6-49f5-a072-a73e7ddeb3ea",
      "GMonth": "6",
      "GValue": "[{\"Key 1\":\"yes\",\"Key 2\":\"TRUE\",\"Key 3\":\"6/26/2022\",\"Key 4\":\"4/07/2022\",\"Key 5\":[null],\"Key 6\":\"0.98886\",\"Key 7\":{\"interestcollected\":\"7390.57\",\"pricipalcollected\":\"16391.31\",\"expensecollected\":\"144.610000000001\",\"paymentscollected\":\"0.00\"},\"Key 8\":{\"trusteefee\":\"22000\",\"sharepayingagentfee\":\"2500\",\"seniorcollateralmanagementfee\":\"1510.61\",\"subordinatecollateralmanagerfee\":\"2014.15\",\"deloitte\":\"6300\",\"puglisi\":\"0.00\",\"freshfields\":\"0.00\",\"euronext\":\"0.00\",\"apbatbegcollectionperiod\":\"4000000\",\"cashatbegcollectionperiod\":\"28302.31\"},\"Key 9\":\"0.00\",\"Key 10\":\"Michele H. Voon\",\"Key 11\":\"100 William Street, Suite 1850, New York, NY 10038\",\"Key 12\":\"Michele.Voon@umb.com\"}]",
      "GYear": "2022"
    }
  ]
},{
  "_id": {
    "$oid": "666078600ed97a41a29309e8"
  },
  "DealName": "Charles Fort CDO I Ltd.",
  "Month": "7",
  "Year": "2022",
  "Data": [
    {
      "GDealID": "charles fort cdo i ltd.",
      "GID": "4428bc7e-9c06-4d8d-b444-2abc80b73a3e",
      "GMonth": "7",
      "GValue": "[{\"Key 1\":\"no\",\"Key 2\":\"FALSE\",\"Key 3\":\"8/10/2022\",\"Key 4\":\"07/07/2022\",\"Key 5\":[\"a0f9faea-e21c-4d0f-91ad-c4c6f714b94b\"],\"Key 6\":\"2.42757\",\"Key 7\":{\"interestcollected\":\"8162.22\",\"pricipalcollected\":\"16604.26\",\"expensecollected\":\"0.00\",\"paymentscollected\":\"24950\"},\"Key 8\":{\"trusteefee\":\"0.00\",\"sharepayingagentfee\":\"0.00\",\"seniorcollateralmanagementfee\":\"1514.961225\",\"subordinatecollateralmanagerfee\":\"2019.9483\",\"deloitte\":\"0.00\",\"puglisi\":\"0.00\",\"freshfields\":\"0.00\",\"euronext\":\"0.00\",\"apbatbegcollectionperiod\":\"4000000\",\"cashatbegcollectionperiod\":\"39896.60\"},\"Key 9\":\"0.00\",\"Key 10\":\"Michele H. Voon\",\"Key 11\":\"100 William Street, Suite 1850, New York, NY 10038\",\"Key 12\":\"Michele.Voon@umb.com\"}]",
      "GYear": "2022"
    }
  ]
},{
  "_id": {
    "$oid": "666078640ed97a41a29309e9"
  },
  "DealName": "Charles Fort CDO I Ltd.",
  "Month": "8",
  "Year": "2022",
  "Data": [
    {
      "GDealID": "charles fort cdo i ltd.",
      "GID": "3e1afbe1-e2ab-4488-a488-6a31c1dd73d4",
      "GMonth": "8",
      "GValue": "[{\"Key 1\":\"no\",\"Key 2\":\"FALSE\",\"Key 3\":\"9/12/2022\",\"Key 4\":\"07/07/2022\",\"Key 5\":[\"ssae93d4-77e7-499b-a210-0e0f0febfec2\"],\"Key 6\":\"2.42757\",\"Key 7\":{\"interestcollected\":\"9052.77777777778\",\"pricipalcollected\":\"11279004.8528071\",\"expensecollected\":\"0.00\",\"paymentscollected\":\"0.00\"},\"Key 8\":{\"trusteefee\":\"0.00\",\"sharepayingagentfee\":\"0.00\",\"seniorcollateralmanagementfee\":\"1506.226598\",\"subordinatecollateralmanagerfee\":\"2008.30213\",\"deloitte\":\"0.00\",\"puglisi\":\"0.00\",\"freshfields\":\"0.00\",\"euronext\":\"0.00\",\"apbatbegcollectionperiod\":\"4000000\",\"cashatbegcollectionperiod\":\"16604.26\"},\"Key 9\":\"0.00\",\"Key 10\":\"Michele H. Voon\",\"Key 11\":\"100 William Street, Suite 1850, New York, NY 10038\",\"Key 12\":\"Michele.Voon@umb.com\"}]",
      "GYear": "2022"
    }
  ]
},{
  "_id": {
    "$oid": "6660786a0ed97a41a29309ea"
  },
  "DealName": "Charles Fort CDO I Ltd.",
  "Month": "9",
  "Year": "2022",
  "Data": [
    {
      "GDealID": "charles fort cdo i ltd.",
      "GID": "ef8d673c-57ac-4680-9357-59a298bb51bf",
      "GMonth": "9",
      "GValue": "[{\"Key 1\":\"no\",\"Key 2\":\"TRUE\",\"Key 3\":\"10/11/2022\",\"Key 4\":\"07/07/2022\",\"Key 5\":[\"ssae93d4-77e7-499b-a210-0e0f0febfec2\"],\"Key 6\":\"2.42757\",\"Key 7\":{\"interestcollected\":\"0.00\",\"pricipalcollected\":\"0.00\",\"expensecollected\":\"0.00\",\"paymentscollected\":\"54.48\"},\"Key 8\":{\"trusteefee\":\"0.00\",\"sharepayingagentfee\":\"0.00\",\"seniorcollateralmanagementfee\":\"1506.23\",\"subordinatecollateralmanagerfee\":\"2008.3\",\"deloitte\":\"24950.00\",\"puglisi\":\"0.00\",\"freshfields\":\"0.00\",\"euronext\":\"0.00\",\"apbatbegcollectionperiod\":\"4000000\",\"cashatbegcollectionperiod\":\"16604.26\",\"trusteeexpenses\":\"23750.00\",\"intertrust\":\"5025.00\",\"ratingagenciesmoodys\":\"32000.00\",\"dlapiper\":\"29000.00\"},\"Key 9\":\"0.00\",\"Key 10\":\"Michele H. Voon\",\"Key 11\":\"100 William Street, Suite 1850, New York, NY 10038\",\"Key 12\":\"Michele.Voon@umb.com\"}]",
      "GYear": "2022"
    }
  ]
}]