[{
  "_id": {
    "$oid": "666076cf48669940652314aa"
  },
  "ApproveStatus": "Approved",
  "Country": "United States",
  "EmailID": "monisha.subramanian@intainft.com",
  "FirstName": "Trustee",
  "LastName": "user",
  "MobileNumber": "9876543210",
  "OrgName": "trustee",
  "Password": "df987bfc62a4d3122d52943da5969eaa0012df0cb23740cc48d22b55b84b013b1d2db555992513f2a2864719cb8ea3226430ad8bc152783ac4d499635ea9b891",
  "PwdSalt": "57541d8627ae0664",
  "UserID": "4786c609-b9e2-4eb8-acb9-575af0aa6e51",
  "UserName": "Trustee",
  "UserRoleID": "12345-67891-0000-0001"
},{
  "_id": {
    "$oid": "666076cf48669940652314ac"
  },
  "ApproveStatus": "Pending",
  "Country": "",
  "EmailID": "somia.sakthiganeshan@intainft.com",
  "FirstName": "",
  "LastName": "",
  "MobileNumber": "",
  "OrgName": "trustee",
  "Password": "",
  "PwdSalt": "",
  "UserID": "7ff36736-b3ef-4268-896b-5c32b36c5f4b",
  "UserName": "testTrustee",
  "UserRoleID": "12345-67891-0000-0001"
},{
  "_id": {
    "$oid": "666076cf48669940652314ae"
  },
  "ApproveStatus": "Pending",
  "Country": "",
  "EmailID": "somia.sakthiganeshan@intainft.com",
  "FirstName": "",
  "LastName": "",
  "MobileNumber": "",
  "OrgName": "trustee",
  "Password": "",
  "PwdSalt": "",
  "UserID": "d2754238-7d6a-47cf-8e57-d2f64fbd11e5",
  "UserName": "testTrustee",
  "UserRoleID": "12345-67891-0000-0001"
},{
  "_id": {
    "$oid": "666076cf48669940652314ab"
  },
  "ApproveStatus": "Approved",
  "Country": "India",
  "EmailID": "monisha.subramanian@intainft.com",
  "FirstName": "test",
  "LastName": "trustee1",
  "MobileNumber": "admin",
  "OrgName": "trustee",
  "Password": "60f90f554370ef655fef2f5284df68e85e7fed6a6b99ea0be4dadc9c176edac401eb20810f3095330cfd53b1521a2fc06befeeed11afecb02769073bae9b95c3",
  "PwdSalt": "f4c9afd9603ce1d5",
  "UserID": "74cf49e9-0f60-4559-acca-5a389b0bc638",
  "UserName": "testTrustee1",
  "UserRoleID": "12345-67891-0000-0001"
},{
  "_id": {
    "$oid": "666076cf48669940652314b0"
  },
  "ApproveStatus": "Approved",
  "Country": "India",
  "EmailID": "somia.sakthiganeshan@intainft.com",
  "FirstName": "admin",
  "LastName": "charlesfortissuer",
  "MobileNumber": "741085209630",
  "OrgName": "charlesfortissuer",
  "Password": "789035332cf045b3e40bc2ae53afb1b5596fbb14d9017d379df01019bed19aa2fb99259e376158f6954b4418214c0bb5f7204c788f0474d00cd12b23c332b0ba",
  "PwdSalt": "d749fd657f907789",
  "UserID": "ssae93d4-77e7-499b-a210-0e0f0febfec2",
  "UserName": "admin",
  "UserRoleID": "12345-67891-0000-0002"
},{
  "_id": {
    "$oid": "666076cf48669940652314ad"
  },
  "ApproveStatus": "Approved",
  "Country": "India",
  "EmailID": "mohana.a@intainft.com",
  "FirstName": "Issuer",
  "LastName": "issuer",
  "MobileNumber": "7845983611",
  "OrgName": "charlesfortissuer",
  "Password": "5248f544b1280b26f0cf27608bc9f7900181a46e1b40d46b22995055990122a00b87b5e796c3c0dceef9c3ac9bb09715c5c9c8ae3f78daab3c6cf129cff9535d",
  "PwdSalt": "d62f27e35b47c0b6",
  "UserID": "a0f9faea-e21c-4d0f-91ad-c4c6f714b94b",
  "UserName": "Issuer",
  "UserRoleID": "12345-67891-0000-0002"
},{
  "_id": {
    "$oid": "666076cf48669940652314af"
  },
  "ApproveStatus": "Approved",
  "Country": "India",
  "EmailID": "somia.sakthiganeshan@intainft.com",
  "FirstName": "admin",
  "LastName": "trustee",
  "MobileNumber": "741085209630",
  "OrgName": "trustee",
  "Password": "789035332cf045b3e40bc2ae53afb1b5596fbb14d9017d379df01019bed19aa2fb99259e376158f6954b4418214c0bb5f7204c788f0474d00cd12b23c332b0ba",
  "PwdSalt": "d749fd657f907789",
  "UserID": "ssae93d4-77e7-499b-a210-0e0f0febfec1",
  "UserName": "admin",
  "UserRoleID": "12345-67891-0000-0001"
}]