[{
  "_id": {
    "$oid": "66607b069bedb84389e49d74"
  },
  "DealName": "Charles Fort CDO I Ltd.",
  "Month": "5",
  "Year": "2022",
  "Data": [
    {
      "Calculatedamount": "0",
      "CreditOpinion": "NON",
      "Cusip": "46630LBD5",
      "DataID": "015d0ffb-e8aa-4fd1-8db0-0ccb309eca2a",
      "DealID": "charles fort cdo i ltd.",
      "DerivedFitchRating": "0",
      "DerivedMoodysRating": "null",
      "DerivedSPRating": "null",
      "EstimatedAverageLife": "0.08",
      "FitchRating": "0",
      "FitchRatingSource": "0",
      "GlobalFitchRating": "AA",
      "InvestmentType": "RMBS",
      "IsDefaulted": "0",
      "IsPIK": "0",
      "IssuerDate": "13-03-2007",
      "MCORatingidx": "14",
      "MCOhaircut": "0",
      "MCOrec": "25",
      "Marketvalue": "0",
      "Maturity": "25-11-2036",
      "Month": "5",
      "MoodysRating": "B1",
      "MoodysRatingSource": "Issue Rating - Moody's",
      "MovedToBlockchain": "true",
      "Negamissued": "Non-Issued",
      "Portfoliostrat": "Residential B/C Mortgage",
      "PrincipalBalance": "4000000",
      "SPIssuanceRating": "A",
      "SPIssuerRating": "BB",
      "SPRating": "BB",
      "SPRatingSource": "Issue Rating - S&P",
      "SPRatingidx": "1000",
      "SPhaircut": "0",
      "SPidx": "6",
      "SPissuanceRating": "A",
      "SPrec": "80",
      "SecurityName": "JPMAC 2007-CH1 MV7",
      "SecurityType": "RMB",
      "SeqNo": "1",
      "ServicerRatingMoodys": "SQ1",
      "ServicerRatingMoodys1": "1",
      "ServicerRatingSP": "Strong",
      "ServicerRatingSP1": "1",
      "Spread": "1",
      "UpdatedBy": "4786c609-b9e2-4eb8-acb9-575af0aa6e51",
      "Year": "2022",
      "warf": "2220"
    },
    {
      "Calculatedamount": "0",
      "CreditOpinion": "D",
      "Cusip": "80556AAM9",
      "DataID": "21028c5f-242b-4e87-aead-144179af78bd",
      "DealID": "charles fort cdo i ltd.",
      "DerivedFitchRating": "0",
      "DerivedMoodysRating": "null",
      "DerivedSPRating": "null",
      "EstimatedAverageLife": "0.08",
      "FitchRating": "0",
      "FitchRatingSource": "0",
      "GlobalFitchRating": "null",
      "InvestmentType": "RMBS",
      "IsDefaulted": "1",
      "IsPIK": "0",
      "IssuerDate": "10-10-2006",
      "MCORatingidx": "21",
      "MCOhaircut": "0",
      "MCOrec": "25",
      "Marketvalue": "0",
      "Maturity": "25-11-2036",
      "Month": "5",
      "MoodysRating": "C",
      "MoodysRatingSource": "Issue Rating - Moody's",
      "MovedToBlockchain": "true",
      "Negamissued": "Non-Issued",
      "Portfoliostrat": "Residential B/C Mortgage",
      "PrincipalBalance": "3000000",
      "SPIssuanceRating": "BBB+",
      "SPIssuerRating": "D",
      "SPRating": "D",
      "SPRatingSource": "Issue Rating - S&P",
      "SPRatingidx": "1000",
      "SPhaircut": "0",
      "SPidx": "8",
      "SPissuanceRating": "BBB+",
      "SPrec": "50",
      "SecurityName": "SAST 2006-3 B2",
      "SecurityType": "RMB",
      "SeqNo": "7",
      "ServicerRatingMoodys": "SQ2+",
      "ServicerRatingMoodys1": "2",
      "ServicerRatingSP": "Above Average",
      "ServicerRatingSP1": "2",
      "Spread": "1.05",
      "UpdatedBy": "4786c609-b9e2-4eb8-acb9-575af0aa6e51",
      "Year": "2022",
      "warf": "10000"
    },
    {
      "Calculatedamount": "0",
      "CreditOpinion": "D",
      "Cusip": "00400DAD9",
      "DataID": "232baa0e-e9c0-433c-b03c-35f67d94117a",
      "DealID": "charles fort cdo i ltd.",
      "DerivedFitchRating": "0",
      "DerivedMoodysRating": "null",
      "DerivedSPRating": "null",
      "EstimatedAverageLife": "0.08",
      "FitchRating": "0",
      "FitchRatingSource": "0",
      "GlobalFitchRating": "null",
      "InvestmentType": "null",
      "IsDefaulted": "1",
      "IsPIK": "null",
      "IssuerDate": "",
      "MCORatingidx": "21",
      "MCOhaircut": "0",
      "MCOrec": "35",
      "Marketvalue": "0",
      "Maturity": "08-10-2047",
      "Month": "5",
      "MoodysRating": "C",
      "MoodysRatingSource": "Issue Rating - Moody's",
      "MovedToBlockchain": "true",
      "Negamissued": "null",
      "Portfoliostrat": "null",
      "PrincipalBalance": "4000000",
      "SPIssuanceRating": "A",
      "SPIssuerRating": "null",
      "SPRating": "null",
      "SPRatingSource": "null",
      "SPRatingidx": "1000",
      "SPhaircut": "0",
      "SPidx": "6",
      "SPissuanceRating": "null",
      "SPrec": "80",
      "SecurityName": "ACCDO 12A C",
      "SecurityType": "CDO",
      "SeqNo": "8",
      "ServicerRatingMoodys": "null",
      "ServicerRatingMoodys1": "null",
      "ServicerRatingSP": "null",
      "ServicerRatingSP1": "null",
      "Spread": "3.25",
      "UpdatedBy": "4786c609-b9e2-4eb8-acb9-575af0aa6e51",
      "Year": "2022",
      "warf": "10000"
    },
    {
      "Calculatedamount": "0",
      "CreditOpinion": "D",
      "Cusip": "07384YUW4",
      "DataID": "396bec24-ebf7-48bf-b7ab-d067dc551cc3",
      "DealID": "charles fort cdo i ltd.",
      "DerivedFitchRating": "0",
      "DerivedMoodysRating": "null",
      "DerivedSPRating": "null",
      "EstimatedAverageLife": "0.08",
      "FitchRating": "0",
      "FitchRatingSource": "0",
      "GlobalFitchRating": "null",
      "InvestmentType": "RMBS",
      "IsDefaulted": "1",
      "IsPIK": "0",
      "IssuerDate": "28-02-2006",
      "MCORatingidx": "19",
      "MCOhaircut": "0.5",
      "MCOrec": "40",
      "Marketvalue": "0",
      "Maturity": "25-02-2036",
      "Month": "5",
      "MoodysRating": "Caa3",
      "MoodysRatingSource": "Issue Rating - Moody's",
      "MovedToBlockchain": "true",
      "Negamissued": "Non-Issued",
      "Portfoliostrat": "Residential B/C Mortgage",
      "PrincipalBalance": "4000000",
      "SPIssuanceRating": "A",
      "SPIssuerRating": "D",
      "SPRating": "D",
      "SPRatingSource": "Issue Rating - S&P",
      "SPRatingidx": "1000",
      "SPhaircut": "0",
      "SPidx": "6",
      "SPissuanceRating": "A",
      "SPrec": "80",
      "SecurityName": "BSABS 2006-1 M3",
      "SecurityType": "RMB",
      "SeqNo": "5",
      "ServicerRatingMoodys": "SQ1",
      "ServicerRatingMoodys1": "1",
      "ServicerRatingSP": "Above Average",
      "ServicerRatingSP1": "2",
      "Spread": "1.31",
      "UpdatedBy": "4786c609-b9e2-4eb8-acb9-575af0aa6e51",
      "Year": "2022",
      "warf": "8070"
    },
    {
      "Calculatedamount": "0",
      "CreditOpinion": "D",
      "Cusip": "92922FC30",
      "DataID": "57ddd112-099c-4b90-a417-0ca3666305ef",
      "DealID": "charles fort cdo i ltd.",
      "DerivedFitchRating": "0",
      "DerivedMoodysRating": "null",
      "DerivedSPRating": "D",
      "EstimatedAverageLife": "0.08",
      "FitchRating": "0",
      "FitchRatingSource": "0",
      "GlobalFitchRating": "null",
      "InvestmentType": "RMBS",
      "IsDefaulted": "1",
      "IsPIK": "0",
      "IssuerDate": "23-11-2004",
      "MCORatingidx": "21",
      "MCOhaircut": "0",
      "MCOrec": "30",
      "Marketvalue": "0",
      "Maturity": "25-11-2034",
      "Month": "5",
      "MoodysRating": "C",
      "MoodysRatingSource": "Issue Rating - Moody's",
      "MovedToBlockchain": "true",
      "Negamissued": "Issued",
      "Portfoliostrat": "Residential A Mortgage",
      "PrincipalBalance": "209221.63",
      "SPIssuanceRating": "A",
      "SPIssuerRating": "null",
      "SPRating": "D",
      "SPRatingSource": "Issue Rating - Moody's",
      "SPRatingidx": "1000",
      "SPhaircut": "0",
      "SPidx": "6",
      "SPissuanceRating": "A",
      "SPrec": "80",
      "SecurityName": "WAMU 2004-AR13 B2",
      "SecurityType": "RMB",
      "SeqNo": "4",
      "ServicerRatingMoodys": "SQ2",
      "ServicerRatingMoodys1": "3",
      "ServicerRatingSP": "Above Average",
      "ServicerRatingSP1": "2",
      "Spread": "1.65",
      "UpdatedBy": "4786c609-b9e2-4eb8-acb9-575af0aa6e51",
      "Year": "2022",
      "warf": "10000"
    },
    {
      "Calculatedamount": "0",
      "CreditOpinion": "D",
      "Cusip": "43739HAE0",
      "DataID": "84d41a4a-719c-4816-82e9-0e9e5d31d030",
      "DealID": "charles fort cdo i ltd.",
      "DerivedFitchRating": "0",
      "DerivedMoodysRating": "null",
      "DerivedSPRating": "null",
      "EstimatedAverageLife": "0.08",
      "FitchRating": "0",
      "FitchRatingSource": "0",
      "GlobalFitchRating": "null",
      "InvestmentType": "RMBS",
      "IsDefaulted": "1",
      "IsPIK": "0",
      "IssuerDate": "30-11-2006",
      "MCORatingidx": "21",
      "MCOhaircut": "0",
      "MCOrec": "25",
      "Marketvalue": "0",
      "Maturity": "25-12-2036",
      "Month": "5",
      "MoodysRating": "C",
      "MoodysRatingSource": "Issue Rating - Moody's",
      "MovedToBlockchain": "true",
      "Negamissued": "Non-Issued",
      "Portfoliostrat": "Residential A Mortgage",
      "PrincipalBalance": "4000000",
      "SPIssuanceRating": "BBB",
      "SPIssuerRating": "D",
      "SPRating": "D",
      "SPRatingSource": "Issue Rating - S&P",
      "SPRatingidx": "1000",
      "SPhaircut": "0",
      "SPidx": "9",
      "SPissuanceRating": "BBB",
      "SPrec": "50",
      "SecurityName": "HMBT 2006-2 B1",
      "SecurityType": "RMB",
      "SeqNo": "3",
      "ServicerRatingMoodys": "null",
      "ServicerRatingMoodys1": "1000",
      "ServicerRatingSP": "null",
      "ServicerRatingSP1": "1000",
      "Spread": "1.95",
      "UpdatedBy": "4786c609-b9e2-4eb8-acb9-575af0aa6e51",
      "Year": "2022",
      "warf": "10000"
    },
    {
      "Calculatedamount": "0",
      "CreditOpinion": "D",
      "Cusip": "74919VAK2",
      "DataID": "c199b3e5-47cb-4810-9846-c2f39b541496",
      "DealID": "charles fort cdo i ltd.",
      "DerivedFitchRating": "0",
      "DerivedMoodysRating": "null",
      "DerivedSPRating": "D",
      "EstimatedAverageLife": "0.08",
      "FitchRating": "0",
      "FitchRatingSource": "0",
      "GlobalFitchRating": "WD",
      "InvestmentType": "RMBS",
      "IsDefaulted": "1",
      "IsPIK": "0",
      "IssuerDate": "08-12-2006",
      "MCORatingidx": "21",
      "MCOhaircut": "0",
      "MCOrec": "25",
      "Marketvalue": "0",
      "Maturity": "25-11-2036",
      "Month": "5",
      "MoodysRating": "C",
      "MoodysRatingSource": "Issue Rating - Moody's",
      "MovedToBlockchain": "true",
      "Negamissued": "Non-Issued",
      "Portfoliostrat": "Residential B/C Mortgage",
      "PrincipalBalance": "1617176.93",
      "SPIssuanceRating": "BBB+",
      "SPIssuerRating": "null",
      "SPRating": "D",
      "SPRatingSource": "Issue Rating - Moody's",
      "SPRatingidx": "1000",
      "SPhaircut": "0",
      "SPidx": "8",
      "SPissuanceRating": "BBB+",
      "SPrec": "50",
      "SecurityName": "RAAC 2006-SP4 M4",
      "SecurityType": "RMB",
      "SeqNo": "2",
      "ServicerRatingMoodys": "SQ1",
      "ServicerRatingMoodys1": "1",
      "ServicerRatingSP": "Above Average",
      "ServicerRatingSP1": "2",
      "Spread": "2.4",
      "UpdatedBy": "4786c609-b9e2-4eb8-acb9-575af0aa6e51",
      "Year": "2022",
      "warf": "10000"
    },
    {
      "Calculatedamount": "0",
      "CreditOpinion": "D",
      "Cusip": "1248M3AF0",
      "DataID": "ddb37072-0c9f-4a6a-8acd-362adf09be58",
      "DealID": "charles fort cdo i ltd.",
      "DerivedFitchRating": "0",
      "DerivedMoodysRating": "null",
      "DerivedSPRating": "D",
      "EstimatedAverageLife": "0.08",
      "FitchRating": "0",
      "FitchRatingSource": "0",
      "GlobalFitchRating": "D",
      "InvestmentType": "RMBS",
      "IsDefaulted": "1",
      "IsPIK": "0",
      "IssuerDate": "17-11-2006",
      "MCORatingidx": "21",
      "MCOhaircut": "0",
      "MCOrec": "45",
      "Marketvalue": "0",
      "Maturity": "25-07-2036",
      "Month": "5",
      "MoodysRating": "C",
      "MoodysRatingSource": "Issue Rating - Moody's",
      "MovedToBlockchain": "true",
      "Negamissued": "Non-Issued",
      "Portfoliostrat": "Residential B/C Mortgage",
      "PrincipalBalance": "773220.83",
      "SPIssuanceRating": "BBB+",
      "SPIssuerRating": "null",
      "SPRating": "D",
      "SPRatingSource": "Issue Rating - Fitch",
      "SPRatingidx": "1000",
      "SPhaircut": "0",
      "SPidx": "8",
      "SPissuanceRating": "BBB+",
      "SPrec": "50",
      "SecurityName": "CBASS 2006-RP2 M2",
      "SecurityType": "RMB",
      "SeqNo": "6",
      "ServicerRatingMoodys": "SQ1",
      "ServicerRatingMoodys1": "1",
      "ServicerRatingSP": "Strong",
      "ServicerRatingSP1": "1",
      "Spread": "1.88",
      "UpdatedBy": "4786c609-b9e2-4eb8-acb9-575af0aa6e51",
      "Year": "2022",
      "warf": "10000"
    }
  ]
},{
  "_id": {
    "$oid": "66607b149bedb84389e49d75"
  },
  "DealName": "Charles Fort CDO I Ltd.",
  "Month": "6",
  "Year": "2022",
  "Data": [
    {
      "Calculatedamount": "0",
      "CouponType": "V",
      "CreditOpinion": "NON",
      "Currency": "USD",
      "Cusip": "46630LBD5",
      "DataID": "03fe4a19-20c8-46c5-97e4-4aca8bebf05b",
      "Days": "Actual/360",
      "DealID": "charles fort cdo i ltd.",
      "DerivedFitchRating": "null",
      "DerivedMoodysRating": "null",
      "DerivedSPRating": "null",
      "EstimatedAverageLife": "0.08",
      "FitchRating": "null",
      "FitchRatingSource": "null",
      "GlobalFitchRating": "AA",
      "IndexType": "LIBOR",
      "InterestCollection": "0",
      "InterestRate": "2.62",
      "InvestmentType": "RMBS",
      "IsDefaulted": "0",
      "IsPIK": "0",
      "IssuerDate": "13-03-2007",
      "MCORatingidx": "14",
      "MCOhaircut": "0",
      "MCOrec": "25",
      "Marketvalue": "0",
      "Maturity": "25-11-2036",
      "Month": "6",
      "MoodysRating": "B1",
      "MoodysRatingSource": "Issue Rating - Moody's",
      "MovedToBlockchain": "true",
      "Negamissued": "Non-Issued",
      "PaymentFrequency": "1",
      "PrincipalBalance": "4000000",
      "PrincipalCollection": "0",
      "SPIssuanceRating": "A",
      "SPIssuanceRating1": "A",
      "SPIssuerRating": "BB",
      "SPRating": "BB",
      "SPRatingSource": "Issue Rating - S&P",
      "SPRatingidx": "1000",
      "SPhaircut": "0",
      "SPidx": "6",
      "SPrec": "80",
      "SecurityName": "JPMAC 2007-CH1 MV7",
      "SecurityType": "RMB",
      "SeqNo": "1",
      "ServicerName": "JP Morgan Chase",
      "ServicerRatingMoodys": "SQ1",
      "ServicerRatingMoodys1": "1",
      "ServicerRatingSP": "Strong",
      "ServicerRatingSP1": "1",
      "SpecifiedType": "Residential B/C Mortgage",
      "Spread": "1",
      "UpdatedBy": "4786c609-b9e2-4eb8-acb9-575af0aa6e51",
      "Year": "2022",
      "warf": "2220"
    },
    {
      "Calculatedamount": "0",
      "CouponType": "V",
      "CreditOpinion": "D",
      "Currency": "USD",
      "Cusip": "92922FC30",
      "DataID": "04475352-4f5d-45d4-9496-6ce11743b738",
      "Days": "30/360 (US/NASD)",
      "DealID": "charles fort cdo i ltd.",
      "DerivedFitchRating": "null",
      "DerivedMoodysRating": "null",
      "DerivedSPRating": "D",
      "EstimatedAverageLife": "0.08",
      "FitchRating": "null",
      "FitchRatingSource": "null",
      "GlobalFitchRating": "null",
      "IndexType": "LIBOR",
      "InterestCollection": "0",
      "InterestRate": "3.27",
      "InvestmentType": "RMBS",
      "IsDefaulted": "1",
      "IsPIK": "0",
      "IssuerDate": "23-11-2004",
      "MCORatingidx": "21",
      "MCOhaircut": "0",
      "MCOrec": "30",
      "Marketvalue": "0",
      "Maturity": "25-11-2034",
      "Month": "6",
      "MoodysRating": "C",
      "MoodysRatingSource": "Issue Rating - Moody's",
      "MovedToBlockchain": "true",
      "Negamissued": "Issued",
      "PaymentFrequency": "1",
      "PrincipalBalance": "209221.63",
      "PrincipalCollection": "0",
      "SPIssuanceRating": "A",
      "SPIssuanceRating1": "A",
      "SPIssuerRating": "null",
      "SPRating": "D",
      "SPRatingSource": "Issue Rating - Moody's",
      "SPRatingidx": "1000",
      "SPhaircut": "0",
      "SPidx": "6",
      "SPrec": "80",
      "SecurityName": "WAMU 2004-AR13 B2",
      "SecurityType": "RMB",
      "SeqNo": "4",
      "ServicerName": "Washington Mutual",
      "ServicerRatingMoodys": "SQ2",
      "ServicerRatingMoodys1": "3",
      "ServicerRatingSP": "Above Average",
      "ServicerRatingSP1": "2",
      "SpecifiedType": "Residential A Mortgage",
      "Spread": "1.65",
      "UpdatedBy": "4786c609-b9e2-4eb8-acb9-575af0aa6e51",
      "Year": "2022",
      "warf": "10000"
    },
    {
      "Calculatedamount": "0",
      "CouponType": "V",
      "CreditOpinion": "D",
      "Currency": "USD",
      "Cusip": "80556AAM9",
      "DataID": "501f8685-39b5-469f-bbb3-5c25d3d83e30",
      "Days": "Actual/360",
      "DealID": "charles fort cdo i ltd.",
      "DerivedFitchRating": "null",
      "DerivedMoodysRating": "null",
      "DerivedSPRating": "null",
      "EstimatedAverageLife": "0.08",
      "FitchRating": "null",
      "FitchRatingSource": "null",
      "GlobalFitchRating": "null",
      "IndexType": "LIBOR",
      "InterestCollection": "0",
      "InterestRate": "2.67",
      "InvestmentType": "RMBS",
      "IsDefaulted": "1",
      "IsPIK": "0",
      "IssuerDate": "10-10-2006",
      "MCORatingidx": "21",
      "MCOhaircut": "0",
      "MCOrec": "25",
      "Marketvalue": "0",
      "Maturity": "25-11-2036",
      "Month": "6",
      "MoodysRating": "C",
      "MoodysRatingSource": "Issue Rating - Moody's",
      "MovedToBlockchain": "true",
      "Negamissued": "Non-Issued",
      "PaymentFrequency": "1",
      "PrincipalBalance": "3000000",
      "PrincipalCollection": "0",
      "SPIssuanceRating": "BBB+",
      "SPIssuanceRating1": "BBB+",
      "SPIssuerRating": "D",
      "SPRating": "D",
      "SPRatingSource": "Issue Rating - S&P",
      "SPRatingidx": "1000",
      "SPhaircut": "0",
      "SPidx": "8",
      "SPrec": "50",
      "SecurityName": "SAST 2006-3 B2",
      "SecurityType": "RMB",
      "SeqNo": "7",
      "ServicerName": "Saxon Mortgage Services Inc",
      "ServicerRatingMoodys": "SQ2+",
      "ServicerRatingMoodys1": "2",
      "ServicerRatingSP": "Above Average",
      "ServicerRatingSP1": "2",
      "SpecifiedType": "Residential B/C Mortgage",
      "Spread": "1.05",
      "UpdatedBy": "4786c609-b9e2-4eb8-acb9-575af0aa6e51",
      "Year": "2022",
      "warf": "10000"
    },
    {
      "Calculatedamount": "0",
      "CouponType": "V",
      "CreditOpinion": "D",
      "Currency": "USD",
      "Cusip": "07384YUW4",
      "DataID": "717ce015-023d-4519-81e9-94b5fb701a72",
      "Days": "Actual/360",
      "DealID": "charles fort cdo i ltd.",
      "DerivedFitchRating": "null",
      "DerivedMoodysRating": "null",
      "DerivedSPRating": "null",
      "EstimatedAverageLife": "0.08",
      "FitchRating": "null",
      "FitchRatingSource": "null",
      "GlobalFitchRating": "null",
      "IndexType": "LIBOR",
      "InterestCollection": "0",
      "InterestRate": "2.93",
      "InvestmentType": "RMBS",
      "IsDefaulted": "1",
      "IsPIK": "0",
      "IssuerDate": "28-02-2006",
      "MCORatingidx": "19",
      "MCOhaircut": "0.5",
      "MCOrec": "40",
      "Marketvalue": "0",
      "Maturity": "25-02-2036",
      "Month": "6",
      "MoodysRating": "Caa3",
      "MoodysRatingSource": "Issue Rating - Moody's",
      "MovedToBlockchain": "true",
      "Negamissued": "Non-Issued",
      "PaymentFrequency": "1",
      "PrincipalBalance": "4000000",
      "PrincipalCollection": "0",
      "SPIssuanceRating": "A",
      "SPIssuanceRating1": "A",
      "SPIssuerRating": "D",
      "SPRating": "D",
      "SPRatingSource": "Issue Rating - S&P",
      "SPRatingidx": "1000",
      "SPhaircut": "0",
      "SPidx": "6",
      "SPrec": "80",
      "SecurityName": "BSABS 2006-1 M3",
      "SecurityType": "RMB",
      "SeqNo": "5",
      "ServicerName": "EMC",
      "ServicerRatingMoodys": "SQ1",
      "ServicerRatingMoodys1": "1",
      "ServicerRatingSP": "Above Average",
      "ServicerRatingSP1": "2",
      "SpecifiedType": "Residential B/C Mortgage",
      "Spread": "1.31",
      "UpdatedBy": "4786c609-b9e2-4eb8-acb9-575af0aa6e51",
      "Year": "2022",
      "warf": "8070"
    },
    {
      "Calculatedamount": "0",
      "CouponType": "V",
      "CreditOpinion": "D",
      "Currency": "USD",
      "Cusip": "00400DAD9",
      "DataID": "79220561-cd27-41c3-99cd-5d2a785b2526",
      "Days": "Actual/360",
      "DealID": "charles fort cdo i ltd.",
      "DerivedFitchRating": "null",
      "DerivedMoodysRating": "null",
      "DerivedSPRating": "null",
      "EstimatedAverageLife": "0.08",
      "FitchRating": "null",
      "FitchRatingSource": "null",
      "GlobalFitchRating": "null",
      "IndexType": "LIBOR",
      "InterestCollection": "0",
      "InterestRate": "4.24",
      "InvestmentType": "CDO",
      "IsDefaulted": "1",
      "IsPIK": "1",
      "IssuerDate": "14-06-2007",
      "MCORatingidx": "21",
      "MCOhaircut": "0",
      "MCOrec": "35",
      "Marketvalue": "0",
      "Maturity": "08-10-2047",
      "Month": "6",
      "MoodysRating": "C",
      "MoodysRatingSource": "Issue Rating - Moody's",
      "MovedToBlockchain": "true",
      "Negamissued": "Non-Issued",
      "PaymentFrequency": "3",
      "PrincipalBalance": "4000000",
      "PrincipalCollection": "0",
      "SPIssuanceRating": "A",
      "SPIssuanceRating1": "A",
      "SPIssuerRating": "null",
      "SPRating": "null",
      "SPRatingSource": "null",
      "SPRatingidx": "1000",
      "SPhaircut": "0",
      "SPidx": "6",
      "SPrec": "80",
      "SecurityName": "ACCDO 12A C",
      "SecurityType": "CDO",
      "SeqNo": "8",
      "ServicerName": "Redwood Asset Management",
      "ServicerRatingMoodys": "null",
      "ServicerRatingMoodys1": "1000",
      "ServicerRatingSP": "null",
      "ServicerRatingSP1": "1000",
      "SpecifiedType": "ABS CDO",
      "Spread": "3.25",
      "UpdatedBy": "4786c609-b9e2-4eb8-acb9-575af0aa6e51",
      "Year": "2022",
      "warf": "10000"
    },
    {
      "Calculatedamount": "0",
      "CouponType": "V",
      "CreditOpinion": "D",
      "Currency": "USD",
      "Cusip": "74919VAK2",
      "DataID": "888a9e1a-141c-45d5-886d-06fb3530923e",
      "Days": "Actual/360",
      "DealID": "charles fort cdo i ltd.",
      "DerivedFitchRating": "null",
      "DerivedMoodysRating": "null",
      "DerivedSPRating": "D",
      "EstimatedAverageLife": "0.08",
      "FitchRating": "null",
      "FitchRatingSource": "null",
      "GlobalFitchRating": "WD",
      "IndexType": "LIBOR",
      "InterestCollection": "0",
      "InterestRate": "4.02",
      "InvestmentType": "RMBS",
      "IsDefaulted": "1",
      "IsPIK": "0",
      "IssuerDate": "08-12-2006",
      "MCORatingidx": "21",
      "MCOhaircut": "0",
      "MCOrec": "25",
      "Marketvalue": "0",
      "Maturity": "25-11-2036",
      "Month": "6",
      "MoodysRating": "C",
      "MoodysRatingSource": "Issue Rating - Moody's",
      "MovedToBlockchain": "true",
      "Negamissued": "Non-Issued",
      "PaymentFrequency": "1",
      "PrincipalBalance": "1617176.93",
      "PrincipalCollection": "0",
      "SPIssuanceRating": "BBB+",
      "SPIssuanceRating1": "BBB+",
      "SPIssuerRating": "null",
      "SPRating": "D",
      "SPRatingSource": "Issue Rating - Moody's",
      "SPRatingidx": "1000",
      "SPhaircut": "0",
      "SPidx": "8",
      "SPrec": "50",
      "SecurityName": "RAAC 2006-SP4 M4",
      "SecurityType": "RMB",
      "SeqNo": "2",
      "ServicerName": "GMAC",
      "ServicerRatingMoodys": "SQ1",
      "ServicerRatingMoodys1": "1",
      "ServicerRatingSP": "Above Average",
      "ServicerRatingSP1": "2",
      "SpecifiedType": "Residential B/C Mortgage",
      "Spread": "2.4",
      "UpdatedBy": "4786c609-b9e2-4eb8-acb9-575af0aa6e51",
      "Year": "2022",
      "warf": "10000"
    },
    {
      "Calculatedamount": "0",
      "CouponType": "V",
      "CreditOpinion": "D",
      "Currency": "USD",
      "Cusip": "43739HAE0",
      "DataID": "b7c5d990-40c9-4785-9d96-e8cdbc8bb9d0",
      "Days": "Actual/360",
      "DealID": "charles fort cdo i ltd.",
      "DerivedFitchRating": "null",
      "DerivedMoodysRating": "null",
      "DerivedSPRating": "null",
      "EstimatedAverageLife": "0.08",
      "FitchRating": "null",
      "FitchRatingSource": "null",
      "GlobalFitchRating": "null",
      "IndexType": "LIBOR",
      "InterestCollection": "0",
      "InterestRate": "3.57",
      "InvestmentType": "RMBS",
      "IsDefaulted": "1",
      "IsPIK": "0",
      "IssuerDate": "30-11-2006",
      "MCORatingidx": "21",
      "MCOhaircut": "0",
      "MCOrec": "25",
      "Marketvalue": "0",
      "Maturity": "25-12-2036",
      "Month": "6",
      "MoodysRating": "C",
      "MoodysRatingSource": "Issue Rating - Moody's",
      "MovedToBlockchain": "true",
      "Negamissued": "Non-Issued",
      "PaymentFrequency": "1",
      "PrincipalBalance": "4000000",
      "PrincipalCollection": "0",
      "SPIssuanceRating": "BBB",
      "SPIssuanceRating1": "BBB",
      "SPIssuerRating": "D",
      "SPRating": "D",
      "SPRatingSource": "Issue Rating - S&P",
      "SPRatingidx": "1000",
      "SPhaircut": "0",
      "SPidx": "9",
      "SPrec": "50",
      "SecurityName": "HMBT 2006-2 B1",
      "SecurityType": "RMB",
      "SeqNo": "3",
      "ServicerName": "HomeBanc",
      "ServicerRatingMoodys": "null",
      "ServicerRatingMoodys1": "1000",
      "ServicerRatingSP": "null",
      "ServicerRatingSP1": "1000",
      "SpecifiedType": "Residential A Mortgage",
      "Spread": "1.95",
      "UpdatedBy": "4786c609-b9e2-4eb8-acb9-575af0aa6e51",
      "Year": "2022",
      "warf": "10000"
    },
    {
      "Calculatedamount": "0",
      "CouponType": "V",
      "CreditOpinion": "D",
      "Currency": "USD",
      "Cusip": "1248M3AF0",
      "DataID": "d00f2c6e-87a8-465b-b35c-db8f3b286519",
      "Days": "Actual/360",
      "DealID": "charles fort cdo i ltd.",
      "DerivedFitchRating": "null",
      "DerivedMoodysRating": "null",
      "DerivedSPRating": "D",
      "EstimatedAverageLife": "0.08",
      "FitchRating": "null",
      "FitchRatingSource": "null",
      "GlobalFitchRating": "D",
      "IndexType": "LIBOR",
      "InterestCollection": "0",
      "InterestRate": "3.5",
      "InvestmentType": "RMBS",
      "IsDefaulted": "1",
      "IsPIK": "0",
      "IssuerDate": "17-11-2006",
      "MCORatingidx": "21",
      "MCOhaircut": "0",
      "MCOrec": "45",
      "Marketvalue": "0",
      "Maturity": "25-07-2036",
      "Month": "6",
      "MoodysRating": "C",
      "MoodysRatingSource": "Issue Rating - Moody's",
      "MovedToBlockchain": "true",
      "Negamissued": "Non-Issued",
      "PaymentFrequency": "1",
      "PrincipalBalance": "773220.83",
      "PrincipalCollection": "0",
      "SPIssuanceRating": "BBB+",
      "SPIssuanceRating1": "BBB+",
      "SPIssuerRating": "null",
      "SPRating": "D",
      "SPRatingSource": "Issue Rating - Fitch",
      "SPRatingidx": "1000",
      "SPhaircut": "0",
      "SPidx": "8",
      "SPrec": "50",
      "SecurityName": "CBASS 2006-RP2 M2",
      "SecurityType": "RMB",
      "SeqNo": "6",
      "ServicerName": "Litton Loan Servicing L.P.",
      "ServicerRatingMoodys": "SQ1",
      "ServicerRatingMoodys1": "1",
      "ServicerRatingSP": "Strong",
      "ServicerRatingSP1": "1",
      "SpecifiedType": "Residential B/C Mortgage",
      "Spread": "1.88",
      "UpdatedBy": "4786c609-b9e2-4eb8-acb9-575af0aa6e51",
      "Year": "2022",
      "warf": "10000"
    }
  ]
},{
  "_id": {
    "$oid": "66607b199bedb84389e49d76"
  },
  "DealName": "Charles Fort CDO I Ltd.",
  "Month": "7",
  "Year": "2022",
  "Data": [
    {
      "Calculatedamount": "0",
      "CouponType": "V",
      "CreditOpinion": "D",
      "Currency": "USD",
      "Cusip": "1248M3AF0",
      "DataID": "1f56f6e3-601b-408d-b860-a5f8bc2cab65",
      "Days": "Actual/360",
      "DealID": "charles fort cdo i ltd.",
      "DerivedFitchRating": "null",
      "DerivedMoodysRating": "null",
      "DerivedSPRating": "D",
      "EstimatedAverageLife": "0.08",
      "FitchRating": "null",
      "FitchRatingSource": "null",
      "GlobalFitchRating": "D",
      "IndexType": "LIBOR",
      "InterestCollection": "2104.02",
      "InterestRate": "4.13",
      "InvestmentType": "RMBS",
      "IsDefaulted": "1",
      "IsPIK": "0",
      "IssuerDate": "17-11-2006",
      "MCORatingidx": "21",
      "MCOhaircut": "0",
      "MCOrec": "45",
      "Marketvalue": "0",
      "Maturity": "25-07-2036",
      "Month": "7",
      "MoodysRating": "C",
      "MoodysRatingSource": "Issue Rating - Moody's",
      "MovedToBlockchain": "true",
      "Negamissued": "Non-Issued",
      "PaymentFrequency": "1",
      "PrincipalBalance": "773220.83",
      "PrincipalCollection": "0",
      "SPIssuanceRating": "BBB+",
      "SPIssuanceRating1": "BBB+",
      "SPIssuerRating": "null",
      "SPRating": "D",
      "SPRatingSource": "Issue Rating - Fitch",
      "SPRatingidx": "1000",
      "SPhaircut": "0",
      "SPidx": "8",
      "SPrec": "50",
      "SecurityName": "CBASS 2006-RP2 M2",
      "SecurityType": "RMB",
      "SeqNo": "6",
      "ServicerName": "Litton Loan Servicing L.P.",
      "ServicerRatingMoodys": "SQ1",
      "ServicerRatingMoodys1": "1",
      "ServicerRatingSP": "Strong",
      "ServicerRatingSP1": "1",
      "SpecifiedType": "Residential B/C Mortgage",
      "Spread": "1.88",
      "UpdatedBy": "4786c609-b9e2-4eb8-acb9-575af0aa6e51",
      "Year": "2022",
      "warf": "10000"
    },
    {
      "Calculatedamount": "0",
      "CouponType": "V",
      "CreditOpinion": "NON",
      "Currency": "USD",
      "Cusip": "46630LBD5",
      "DataID": "312c212e-9020-4190-81a6-551fdb7f9837",
      "Days": "Actual/360",
      "DealID": "charles fort cdo i ltd.",
      "DerivedFitchRating": "null",
      "DerivedMoodysRating": "null",
      "DerivedSPRating": "null",
      "EstimatedAverageLife": "0.08",
      "FitchRating": "null",
      "FitchRatingSource": "null",
      "GlobalFitchRating": "AA",
      "IndexType": "LIBOR",
      "InterestCollection": "8162.22",
      "InterestRate": "3.26",
      "InvestmentType": "RMBS",
      "IsDefaulted": "0",
      "IsPIK": "0",
      "IssuerDate": "13-03-2007",
      "MCORatingidx": "14",
      "MCOhaircut": "0",
      "MCOrec": "25",
      "Marketvalue": "0",
      "Maturity": "25-11-2036",
      "Month": "7",
      "MoodysRating": "B1",
      "MoodysRatingSource": "Issue Rating - Moody's",
      "MovedToBlockchain": "true",
      "Negamissued": "Non-Issued",
      "PaymentFrequency": "1",
      "PrincipalBalance": "4000000",
      "PrincipalCollection": "0",
      "SPIssuanceRating": "A",
      "SPIssuanceRating1": "A",
      "SPIssuerRating": "BB",
      "SPRating": "BB",
      "SPRatingSource": "Issue Rating - S&P",
      "SPRatingidx": "1000",
      "SPhaircut": "0",
      "SPidx": "6",
      "SPrec": "80",
      "SecurityName": "JPMAC 2007-CH1 MV7",
      "SecurityType": "RMB",
      "SeqNo": "1",
      "ServicerName": "JP Morgan Chase",
      "ServicerRatingMoodys": "SQ1",
      "ServicerRatingMoodys1": "1",
      "ServicerRatingSP": "Strong",
      "ServicerRatingSP1": "1",
      "SpecifiedType": "Residential B/C Mortgage",
      "Spread": "1",
      "UpdatedBy": "4786c609-b9e2-4eb8-acb9-575af0aa6e51",
      "Year": "2022",
      "warf": "2220"
    },
    {
      "Calculatedamount": "0",
      "CouponType": "V",
      "CreditOpinion": "D",
      "Currency": "USD",
      "Cusip": "43739HAE0",
      "DataID": "6d49fe62-43c9-4fd6-bbc2-f1e59fccee4f",
      "Days": "Actual/360",
      "DealID": "charles fort cdo i ltd.",
      "DerivedFitchRating": "null",
      "DerivedMoodysRating": "null",
      "DerivedSPRating": "null",
      "EstimatedAverageLife": "0.08",
      "FitchRating": "null",
      "FitchRatingSource": "null",
      "GlobalFitchRating": "null",
      "IndexType": "LIBOR",
      "InterestCollection": "0",
      "InterestRate": "4.21",
      "InvestmentType": "RMBS",
      "IsDefaulted": "1",
      "IsPIK": "0",
      "IssuerDate": "30-11-2006",
      "MCORatingidx": "21",
      "MCOhaircut": "0",
      "MCOrec": "25",
      "Marketvalue": "0",
      "Maturity": "25-12-2036",
      "Month": "7",
      "MoodysRating": "C",
      "MoodysRatingSource": "Issue Rating - Moody's",
      "MovedToBlockchain": "true",
      "Negamissued": "Non-Issued",
      "PaymentFrequency": "1",
      "PrincipalBalance": "4000000",
      "PrincipalCollection": "0",
      "SPIssuanceRating": "BBB",
      "SPIssuanceRating1": "BBB",
      "SPIssuerRating": "D",
      "SPRating": "D",
      "SPRatingSource": "Issue Rating - S&P",
      "SPRatingidx": "1000",
      "SPhaircut": "0",
      "SPidx": "9",
      "SPrec": "50",
      "SecurityName": "HMBT 2006-2 B1",
      "SecurityType": "RMB",
      "SeqNo": "3",
      "ServicerName": "HomeBanc",
      "ServicerRatingMoodys": "null",
      "ServicerRatingMoodys1": "1000",
      "ServicerRatingSP": "null",
      "ServicerRatingSP1": "1000",
      "SpecifiedType": "Residential A Mortgage",
      "Spread": "1.95",
      "UpdatedBy": "4786c609-b9e2-4eb8-acb9-575af0aa6e51",
      "Year": "2022",
      "warf": "10000"
    },
    {
      "Calculatedamount": "0",
      "CouponType": "V",
      "CreditOpinion": "D",
      "Currency": "USD",
      "Cusip": "92922FC30",
      "DataID": "a08d3521-2957-4c82-a08a-4333fe6dbe62",
      "Days": "30/360 (US/NASD)",
      "DealID": "charles fort cdo i ltd.",
      "DerivedFitchRating": "null",
      "DerivedMoodysRating": "null",
      "DerivedSPRating": "D",
      "EstimatedAverageLife": "0.08",
      "FitchRating": "null",
      "FitchRatingSource": "null",
      "GlobalFitchRating": "null",
      "IndexType": "LIBOR",
      "InterestCollection": "328.28",
      "InterestRate": "3.91",
      "InvestmentType": "RMBS",
      "IsDefaulted": "1",
      "IsPIK": "0",
      "IssuerDate": "23-11-2004",
      "MCORatingidx": "21",
      "MCOhaircut": "0",
      "MCOrec": "30",
      "Marketvalue": "0",
      "Maturity": "25-11-2034",
      "Month": "7",
      "MoodysRating": "C",
      "MoodysRatingSource": "Issue Rating - Moody's",
      "MovedToBlockchain": "true",
      "Negamissued": "Issued",
      "PaymentFrequency": "1",
      "PrincipalBalance": "211335.43",
      "PrincipalCollection": "0",
      "SPIssuanceRating": "A",
      "SPIssuanceRating1": "A",
      "SPIssuerRating": "null",
      "SPRating": "D",
      "SPRatingSource": "Issue Rating - Moody's",
      "SPRatingidx": "1000",
      "SPhaircut": "0",
      "SPidx": "6",
      "SPrec": "80",
      "SecurityName": "WAMU 2004-AR13 B2",
      "SecurityType": "RMB",
      "SeqNo": "4",
      "ServicerName": "Washington Mutual",
      "ServicerRatingMoodys": "SQ2",
      "ServicerRatingMoodys1": "3",
      "ServicerRatingSP": "Above Average",
      "ServicerRatingSP1": "2",
      "SpecifiedType": "Residential A Mortgage",
      "Spread": "1.65",
      "UpdatedBy": "4786c609-b9e2-4eb8-acb9-575af0aa6e51",
      "Year": "2022",
      "warf": "10000"
    },
    {
      "Calculatedamount": "0",
      "CouponType": "V",
      "CreditOpinion": "D",
      "Currency": "USD",
      "Cusip": "80556AAM9",
      "DataID": "a2ce6e31-ac48-4568-be16-8cc3c61f6db9",
      "Days": "Actual/360",
      "DealID": "charles fort cdo i ltd.",
      "DerivedFitchRating": "null",
      "DerivedMoodysRating": "null",
      "DerivedSPRating": "null",
      "EstimatedAverageLife": "0.08",
      "FitchRating": "null",
      "FitchRatingSource": "null",
      "GlobalFitchRating": "null",
      "IndexType": "LIBOR",
      "InterestCollection": "0",
      "InterestRate": "3.31",
      "InvestmentType": "RMBS",
      "IsDefaulted": "1",
      "IsPIK": "0",
      "IssuerDate": "10-10-2006",
      "MCORatingidx": "21",
      "MCOhaircut": "0",
      "MCOrec": "25",
      "Marketvalue": "0",
      "Maturity": "25-11-2036",
      "Month": "7",
      "MoodysRating": "C",
      "MoodysRatingSource": "Issue Rating - Moody's",
      "MovedToBlockchain": "true",
      "Negamissued": "Non-Issued",
      "PaymentFrequency": "1",
      "PrincipalBalance": "3000000",
      "PrincipalCollection": "0",
      "SPIssuanceRating": "BBB+",
      "SPIssuanceRating1": "BBB+",
      "SPIssuerRating": "D",
      "SPRating": "D",
      "SPRatingSource": "Issue Rating - S&P",
      "SPRatingidx": "1000",
      "SPhaircut": "0",
      "SPidx": "8",
      "SPrec": "50",
      "SecurityName": "SAST 2006-3 B2",
      "SecurityType": "RMB",
      "SeqNo": "7",
      "ServicerName": "Saxon Mortgage Services Inc",
      "ServicerRatingMoodys": "SQ2+",
      "ServicerRatingMoodys1": "2",
      "ServicerRatingSP": "Above Average",
      "ServicerRatingSP1": "2",
      "SpecifiedType": "Residential B/C Mortgage",
      "Spread": "1.05",
      "UpdatedBy": "4786c609-b9e2-4eb8-acb9-575af0aa6e51",
      "Year": "2022",
      "warf": "10000"
    },
    {
      "Calculatedamount": "0",
      "CouponType": "V",
      "CreditOpinion": "D",
      "Currency": "USD",
      "Cusip": "00400DAD9",
      "DataID": "a6b89acf-dfb4-4999-aec6-346005a23aa2",
      "Days": "Actual/360",
      "DealID": "charles fort cdo i ltd.",
      "DerivedFitchRating": "null",
      "DerivedMoodysRating": "null",
      "DerivedSPRating": "null",
      "EstimatedAverageLife": "0.08",
      "FitchRating": "null",
      "FitchRatingSource": "null",
      "GlobalFitchRating": "null",
      "IndexType": "LIBOR",
      "InterestCollection": "0",
      "InterestRate": "5.64",
      "InvestmentType": "CDO",
      "IsDefaulted": "1",
      "IsPIK": "1",
      "IssuerDate": "14-06-2007",
      "MCORatingidx": "21",
      "MCOhaircut": "0",
      "MCOrec": "35",
      "Marketvalue": "0",
      "Maturity": "08-10-2047",
      "Month": "7",
      "MoodysRating": "C",
      "MoodysRatingSource": "Issue Rating - Moody's",
      "MovedToBlockchain": "true",
      "Negamissued": "Non-Issued",
      "PaymentFrequency": "3",
      "PrincipalBalance": "4000000",
      "PrincipalCollection": "0",
      "SPIssuanceRating": "A",
      "SPIssuanceRating1": "A",
      "SPIssuerRating": "null",
      "SPRating": "null",
      "SPRatingSource": "null",
      "SPRatingidx": "1000",
      "SPhaircut": "0",
      "SPidx": "6",
      "SPrec": "80",
      "SecurityName": "ACCDO 12A C",
      "SecurityType": "CDO",
      "SeqNo": "8",
      "ServicerName": "Redwood Asset Management",
      "ServicerRatingMoodys": "null",
      "ServicerRatingMoodys1": "1000",
      "ServicerRatingSP": "null",
      "ServicerRatingSP1": "1000",
      "SpecifiedType": "ABS CDO",
      "Spread": "3.25",
      "UpdatedBy": "4786c609-b9e2-4eb8-acb9-575af0aa6e51",
      "Year": "2022",
      "warf": "10000"
    },
    {
      "Calculatedamount": "0",
      "CouponType": "V",
      "CreditOpinion": "D",
      "Currency": "USD",
      "Cusip": "07384YUW4",
      "DataID": "e91e401a-44e3-48e2-b4fa-d630461b2e38",
      "Days": "Actual/360",
      "DealID": "charles fort cdo i ltd.",
      "DerivedFitchRating": "null",
      "DerivedMoodysRating": "null",
      "DerivedSPRating": "null",
      "EstimatedAverageLife": "0.08",
      "FitchRating": "null",
      "FitchRatingSource": "null",
      "GlobalFitchRating": "null",
      "IndexType": "LIBOR",
      "InterestCollection": "9111.1",
      "InterestRate": "3.56",
      "InvestmentType": "RMBS",
      "IsDefaulted": "1",
      "IsPIK": "0",
      "IssuerDate": "28-02-2006",
      "MCORatingidx": "19",
      "MCOhaircut": "0.5",
      "MCOrec": "40",
      "Marketvalue": "0",
      "Maturity": "25-02-2036",
      "Month": "7",
      "MoodysRating": "Caa3",
      "MoodysRatingSource": "Issue Rating - Moody's",
      "MovedToBlockchain": "true",
      "Negamissued": "Non-Issued",
      "PaymentFrequency": "1",
      "PrincipalBalance": "4000000",
      "PrincipalCollection": "0",
      "SPIssuanceRating": "A",
      "SPIssuanceRating1": "A",
      "SPIssuerRating": "D",
      "SPRating": "D",
      "SPRatingSource": "Issue Rating - S&P",
      "SPRatingidx": "1000",
      "SPhaircut": "0",
      "SPidx": "6",
      "SPrec": "80",
      "SecurityName": "BSABS 2006-1 M3",
      "SecurityType": "RMB",
      "SeqNo": "5",
      "ServicerName": "EMC",
      "ServicerRatingMoodys": "SQ1",
      "ServicerRatingMoodys1": "1",
      "ServicerRatingSP": "Above Average",
      "ServicerRatingSP1": "2",
      "SpecifiedType": "Residential B/C Mortgage",
      "Spread": "1.31",
      "UpdatedBy": "4786c609-b9e2-4eb8-acb9-575af0aa6e51",
      "Year": "2022",
      "warf": "8070"
    },
    {
      "Calculatedamount": "0",
      "CouponType": "V",
      "CreditOpinion": "D",
      "Currency": "USD",
      "Cusip": "74919VAK2",
      "DataID": "ee2c5702-187f-4bf9-9707-26cc8f1f01d4",
      "Days": "Actual/360",
      "DealID": "charles fort cdo i ltd.",
      "DerivedFitchRating": "null",
      "DerivedMoodysRating": "null",
      "DerivedSPRating": "D",
      "EstimatedAverageLife": "0.08",
      "FitchRating": "null",
      "FitchRatingSource": "null",
      "GlobalFitchRating": "WD",
      "IndexType": "LIBOR",
      "InterestCollection": "5060.86",
      "InterestRate": "4.66",
      "InvestmentType": "RMBS",
      "IsDefaulted": "1",
      "IsPIK": "0",
      "IssuerDate": "08-12-2006",
      "MCORatingidx": "21",
      "MCOhaircut": "0",
      "MCOrec": "25",
      "Marketvalue": "0",
      "Maturity": "25-11-2036",
      "Month": "7",
      "MoodysRating": "C",
      "MoodysRatingSource": "Issue Rating - Moody's",
      "MovedToBlockchain": "true",
      "Negamissued": "Non-Issued",
      "PaymentFrequency": "1",
      "PrincipalBalance": "1617176.93",
      "PrincipalCollection": "0",
      "SPIssuanceRating": "BBB+",
      "SPIssuanceRating1": "BBB+",
      "SPIssuerRating": "null",
      "SPRating": "D",
      "SPRatingSource": "Issue Rating - Moody's",
      "SPRatingidx": "1000",
      "SPhaircut": "0",
      "SPidx": "8",
      "SPrec": "50",
      "SecurityName": "RAAC 2006-SP4 M4",
      "SecurityType": "RMB",
      "SeqNo": "2",
      "ServicerName": "GMAC",
      "ServicerRatingMoodys": "SQ1",
      "ServicerRatingMoodys1": "1",
      "ServicerRatingSP": "Above Average",
      "ServicerRatingSP1": "2",
      "SpecifiedType": "Residential B/C Mortgage",
      "Spread": "2.4",
      "UpdatedBy": "4786c609-b9e2-4eb8-acb9-575af0aa6e51",
      "Year": "2022",
      "warf": "10000"
    }
  ]
},{
  "_id": {
    "$oid": "66607b1d9bedb84389e49d77"
  },
  "DealName": "Charles Fort CDO I Ltd.",
  "Month": "8",
  "Year": "2022",
  "Data": [
    {
      "Calculatedamount": "0",
      "CouponType": "V",
      "CreditOpinion": "NON",
      "Currency": "USD",
      "Cusip": "46630LBD5",
      "DataID": "04d67ac9-18cc-4528-8e6a-f45396aea960",
      "Days": "Actual/360",
      "DealID": "charles fort cdo i ltd.",
      "DerivedFitchRating": "0",
      "DerivedMoodysRating": "",
      "DerivedSPRating": "",
      "EstimatedAverageLife": "0.0833",
      "FitchRating": "",
      "FitchRatingSource": "",
      "GlobalFitchRating": "AA",
      "IndexType": "LIBOR",
      "InterestCollection": "9052.78",
      "InterestRate": "3.44371",
      "InvestmentType": "RMBS",
      "IsDefaulted": "0",
      "IsPIK": "0",
      "IssuerDate": "13-03-2007",
      "MCORatingidx": "14",
      "MCOhaircut": "0",
      "MCOrec": "25",
      "Marketvalue": "0",
      "Maturity": "25-11-2036",
      "Month": "8",
      "MoodysRating": "B1",
      "MoodysRatingSource": "Issue Rating - Moody's",
      "MovedToBlockchain": "true",
      "Negamissued": "Non-Issued",
      "PaymentFrequency": "1",
      "PrincipalBalance": "0",
      "PrincipalCollection": "3982000",
      "SPIssuanceRating": "A",
      "SPIssuanceRating1": "A",
      "SPIssuerRating": "BB",
      "SPRating": "BB",
      "SPRatingSource": "Issue Rating - S&P",
      "SPRatingidx": "1000",
      "SPhaircut": "0",
      "SPidx": "6",
      "SPrec": "80",
      "SalesDate": "19-08-2022",
      "SalesReceipts": "3991052.78",
      "SecurityName": "JPMAC 2007-CH1 MV7",
      "SecurityType": "RMB",
      "SeqNo": "1",
      "ServicerName": "JP Morgan Chase",
      "ServicerRatingMoodys": "SQ1",
      "ServicerRatingMoodys1": "1",
      "ServicerRatingSP": "Strong",
      "ServicerRatingSP1": "1",
      "SpecifiedType": "Residential B/C Mortgage",
      "Spread": "1",
      "UpdatedBy": "4786c609-b9e2-4eb8-acb9-575af0aa6e51",
      "Year": "2022",
      "warf": "2220"
    },
    {
      "Calculatedamount": "0",
      "CouponType": "",
      "CreditOpinion": "",
      "Currency": "USD",
      "Cusip": "40430HBH0",
      "DataID": "0d58f0e9-7d45-41b2-be60-947447953076",
      "Days": "",
      "DealID": "charles fort cdo i ltd.",
      "DerivedFitchRating": "0",
      "DerivedMoodysRating": "",
      "DerivedSPRating": "",
      "EstimatedAverageLife": "0",
      "FitchRating": "",
      "FitchRatingSource": "",
      "GlobalFitchRating": "",
      "IndexType": "",
      "InterestCollection": "0",
      "InterestRate": "0",
      "InvestmentType": "",
      "IsDefaulted": "0",
      "IsPIK": "0",
      "IssuerDate": "",
      "MCORatingidx": "0",
      "MCOhaircut": "0",
      "MCOrec": "0",
      "Marketvalue": "0",
      "Maturity": "23-09-2022",
      "Month": "8",
      "MoodysRating": "",
      "MoodysRatingSource": "",
      "MovedToBlockchain": "true",
      "Negamissued": "",
      "PaymentFrequency": "0",
      "PrincipalBalance": "0",
      "PrincipalCollection": "0",
      "SPIssuanceRating": "",
      "SPIssuanceRating1": "",
      "SPIssuerRating": "",
      "SPRating": "",
      "SPRatingSource": "",
      "SPRatingidx": "0",
      "SPhaircut": "0",
      "SPidx": "0",
      "SPrec": "0",
      "SalesDate": "19-08-2022",
      "SalesReceipts": "300",
      "SecurityName": "HASC 2005-NC2 M4",
      "SecurityType": "",
      "SeqNo": "10",
      "ServicerName": "",
      "ServicerRatingMoodys": "",
      "ServicerRatingMoodys1": "0",
      "ServicerRatingSP": "",
      "ServicerRatingSP1": "0",
      "SpecifiedType": "",
      "Spread": "0",
      "UpdatedBy": "4786c609-b9e2-4eb8-acb9-575af0aa6e51",
      "Year": "2022",
      "warf": "0"
    },
    {
      "Calculatedamount": "0",
      "CouponType": "V",
      "CreditOpinion": "D",
      "Currency": "USD",
      "Cusip": "92922FC30",
      "DataID": "13fa65d0-ad9d-4149-8ead-569404327f39",
      "Days": "30/360 (US/NASD)",
      "DealID": "charles fort cdo i ltd.",
      "DerivedFitchRating": "0",
      "DerivedMoodysRating": "",
      "DerivedSPRating": "D",
      "EstimatedAverageLife": "0.0833",
      "FitchRating": "",
      "FitchRatingSource": "",
      "GlobalFitchRating": "",
      "IndexType": "LIBOR",
      "InterestCollection": "0",
      "InterestRate": "4.09371",
      "InvestmentType": "RMBS",
      "IsDefaulted": "1",
      "IsPIK": "0",
      "IssuerDate": "23-11-2004",
      "MCORatingidx": "21",
      "MCOhaircut": "0",
      "MCOrec": "30",
      "Marketvalue": "0",
      "Maturity": "25-11-2034",
      "Month": "8",
      "MoodysRating": "C",
      "MoodysRatingSource": "Issue Rating - Moody's",
      "MovedToBlockchain": "true",
      "Negamissued": "Issued",
      "PaymentFrequency": "1",
      "PrincipalBalance": "0",
      "PrincipalCollection": "46135.79",
      "SPIssuanceRating": "A",
      "SPIssuanceRating1": "A",
      "SPIssuerRating": "",
      "SPRating": "D",
      "SPRatingSource": "Issue Rating - Moody's",
      "SPRatingidx": "1000",
      "SPhaircut": "0",
      "SPidx": "6",
      "SPrec": "80",
      "SalesDate": "19-08-2022",
      "SalesReceipts": "46135.7921010885",
      "SecurityName": "WAMU 2004-AR13 B2",
      "SecurityType": "RMB",
      "SeqNo": "4",
      "ServicerName": "Washington Mutual",
      "ServicerRatingMoodys": "SQ2",
      "ServicerRatingMoodys1": "3",
      "ServicerRatingSP": "Above Average",
      "ServicerRatingSP1": "2",
      "SpecifiedType": "Residential A Mortgage",
      "Spread": "1.65",
      "UpdatedBy": "4786c609-b9e2-4eb8-acb9-575af0aa6e51",
      "Year": "2022",
      "warf": "10000"
    },
    {
      "Calculatedamount": "0",
      "CouponType": "V",
      "CreditOpinion": "D",
      "Currency": "USD",
      "Cusip": "07384YUW4",
      "DataID": "1944fece-fc15-451d-9844-d82fe02229e4",
      "Days": "Actual/360",
      "DealID": "charles fort cdo i ltd.",
      "DerivedFitchRating": "0",
      "DerivedMoodysRating": "",
      "DerivedSPRating": "",
      "EstimatedAverageLife": "0.0833",
      "FitchRating": "",
      "FitchRatingSource": "",
      "GlobalFitchRating": "",
      "IndexType": "LIBOR",
      "InterestCollection": "0",
      "InterestRate": "3.74871",
      "InvestmentType": "RMBS",
      "IsDefaulted": "1",
      "IsPIK": "0",
      "IssuerDate": "28-02-2006",
      "MCORatingidx": "19",
      "MCOhaircut": "0.5",
      "MCOrec": "40",
      "Marketvalue": "0",
      "Maturity": "25-02-2036",
      "Month": "8",
      "MoodysRating": "Caa3",
      "MoodysRatingSource": "Issue Rating - Moody's",
      "MovedToBlockchain": "true",
      "Negamissued": "Non-Issued",
      "PaymentFrequency": "1",
      "PrincipalBalance": "0",
      "PrincipalCollection": "3819900",
      "SPIssuanceRating": "A",
      "SPIssuanceRating1": "A",
      "SPIssuerRating": "D",
      "SPRating": "D",
      "SPRatingSource": "Issue Rating - S&P",
      "SPRatingidx": "1000",
      "SPhaircut": "0",
      "SPidx": "6",
      "SPrec": "80",
      "SalesDate": "19-08-2022",
      "SalesReceipts": "3819900",
      "SecurityName": "BSABS 2006-1 M3",
      "SecurityType": "RMB",
      "SeqNo": "5",
      "ServicerName": "EMC",
      "ServicerRatingMoodys": "SQ1",
      "ServicerRatingMoodys1": "1",
      "ServicerRatingSP": "Above Average",
      "ServicerRatingSP1": "2",
      "SpecifiedType": "Residential B/C Mortgage",
      "Spread": "1.305",
      "UpdatedBy": "4786c609-b9e2-4eb8-acb9-575af0aa6e51",
      "Year": "2022",
      "warf": "8070"
    },
    {
      "Calculatedamount": "0",
      "CouponType": "V",
      "CreditOpinion": "D",
      "Currency": "USD",
      "Cusip": "74919VAK2",
      "DataID": "31ea8c64-e942-4b60-a4ab-08f772a5bf11",
      "Days": "Actual/360",
      "DealID": "charles fort cdo i ltd.",
      "DerivedFitchRating": "0",
      "DerivedMoodysRating": "",
      "DerivedSPRating": "D",
      "EstimatedAverageLife": "0.0833",
      "FitchRating": "",
      "FitchRatingSource": "",
      "GlobalFitchRating": "WD",
      "IndexType": "LIBOR",
      "InterestCollection": "0",
      "InterestRate": "4.84371",
      "InvestmentType": "RMBS",
      "IsDefaulted": "1",
      "IsPIK": "0",
      "IssuerDate": "08-12-2006",
      "MCORatingidx": "21",
      "MCOhaircut": "0",
      "MCOrec": "25",
      "Marketvalue": "0",
      "Maturity": "25-11-2036",
      "Month": "8",
      "MoodysRating": "C",
      "MoodysRatingSource": "Issue Rating - Moody's",
      "MovedToBlockchain": "true",
      "Negamissued": "Non-Issued",
      "PaymentFrequency": "1",
      "PrincipalBalance": "0",
      "PrincipalCollection": "1737633.03",
      "SPIssuanceRating": "BBB+",
      "SPIssuanceRating1": "BBB+",
      "SPIssuerRating": "",
      "SPRating": "D",
      "SPRatingSource": "Issue Rating - Moody's",
      "SPRatingidx": "1000",
      "SPhaircut": "0",
      "SPidx": "8",
      "SPrec": "50",
      "SalesDate": "19-08-2022",
      "SalesReceipts": "1737633.02742039",
      "SecurityName": "RAAC 2006-SP4 M4",
      "SecurityType": "RMB",
      "SeqNo": "2",
      "ServicerName": "GMAC",
      "ServicerRatingMoodys": "SQ1",
      "ServicerRatingMoodys1": "1",
      "ServicerRatingSP": "Above Average",
      "ServicerRatingSP1": "2",
      "SpecifiedType": "Residential B/C Mortgage",
      "Spread": "2.4",
      "UpdatedBy": "4786c609-b9e2-4eb8-acb9-575af0aa6e51",
      "Year": "2022",
      "warf": "10000"
    },
    {
      "Calculatedamount": "0",
      "CouponType": "",
      "CreditOpinion": "",
      "Currency": "USD",
      "Cusip": "46630MBD3",
      "DataID": "63120f67-8b9b-4c53-b488-5b2148373763",
      "Days": "",
      "DealID": "charles fort cdo i ltd.",
      "DerivedFitchRating": "0",
      "DerivedMoodysRating": "",
      "DerivedSPRating": "",
      "EstimatedAverageLife": "0",
      "FitchRating": "",
      "FitchRatingSource": "",
      "GlobalFitchRating": "",
      "IndexType": "",
      "InterestCollection": "0",
      "InterestRate": "0",
      "InvestmentType": "",
      "IsDefaulted": "0",
      "IsPIK": "0",
      "IssuerDate": "",
      "MCORatingidx": "0",
      "MCOhaircut": "0",
      "MCOrec": "0",
      "Marketvalue": "0",
      "Maturity": "23-09-2022",
      "Month": "8",
      "MoodysRating": "",
      "MoodysRatingSource": "",
      "MovedToBlockchain": "true",
      "Negamissued": "",
      "PaymentFrequency": "0",
      "PrincipalBalance": "0",
      "PrincipalCollection": "0",
      "SPIssuanceRating": "",
      "SPIssuanceRating1": "",
      "SPIssuerRating": "",
      "SPRating": "",
      "SPRatingSource": "",
      "SPRatingidx": "0",
      "SPhaircut": "0",
      "SPidx": "0",
      "SPrec": "0",
      "SalesDate": "19-08-2022",
      "SalesReceipts": "823000",
      "SecurityName": "JPMAC 2007-CH2 MV7",
      "SecurityType": "",
      "SeqNo": "11",
      "ServicerName": "",
      "ServicerRatingMoodys": "",
      "ServicerRatingMoodys1": "0",
      "ServicerRatingSP": "",
      "ServicerRatingSP1": "0",
      "SpecifiedType": "",
      "Spread": "0",
      "UpdatedBy": "4786c609-b9e2-4eb8-acb9-575af0aa6e51",
      "Year": "2022",
      "warf": "0"
    },
    {
      "Calculatedamount": "0",
      "CouponType": "V",
      "CreditOpinion": "D",
      "Currency": "USD",
      "Cusip": "1248M3AF0",
      "DataID": "757dd877-3a29-497a-9b31-5a65f5c92cff",
      "Days": "Actual/360",
      "DealID": "charles fort cdo i ltd.",
      "DerivedFitchRating": "0",
      "DerivedMoodysRating": "",
      "DerivedSPRating": "D",
      "EstimatedAverageLife": "0.0833",
      "FitchRating": "",
      "FitchRatingSource": "",
      "GlobalFitchRating": "D",
      "IndexType": "LIBOR",
      "InterestCollection": "0",
      "InterestRate": "4.31871",
      "InvestmentType": "RMBS",
      "IsDefaulted": "1",
      "IsPIK": "0",
      "IssuerDate": "17-11-2006",
      "MCORatingidx": "21",
      "MCOhaircut": "0",
      "MCOrec": "45",
      "Marketvalue": "0",
      "Maturity": "25-07-2036",
      "Month": "8",
      "MoodysRating": "C",
      "MoodysRatingSource": "Issue Rating - Moody's",
      "MovedToBlockchain": "true",
      "Negamissued": "Non-Issued",
      "PaymentFrequency": "1",
      "PrincipalBalance": "0",
      "PrincipalCollection": "841551.03",
      "SPIssuanceRating": "BBB+",
      "SPIssuanceRating1": "BBB+",
      "SPIssuerRating": "",
      "SPRating": "D",
      "SPRatingSource": "Issue Rating - Fitch",
      "SPRatingidx": "1000",
      "SPhaircut": "0",
      "SPidx": "8",
      "SPrec": "50",
      "SalesDate": "19-08-2022",
      "SalesReceipts": "841551.033285647",
      "SecurityName": "CBASS 2006-RP2 M2",
      "SecurityType": "RMB",
      "SeqNo": "6",
      "ServicerName": "Litton Loan Servicing L.P.",
      "ServicerRatingMoodys": "SQ1",
      "ServicerRatingMoodys1": "1",
      "ServicerRatingSP": "Strong",
      "ServicerRatingSP1": "1",
      "SpecifiedType": "Residential B/C Mortgage",
      "Spread": "1.875",
      "UpdatedBy": "4786c609-b9e2-4eb8-acb9-575af0aa6e51",
      "Year": "2022",
      "warf": "10000"
    },
    {
      "Calculatedamount": "0",
      "CouponType": "",
      "CreditOpinion": "",
      "Currency": "USD",
      "Cusip": "00075XAP2",
      "DataID": "9019f778-d770-458a-8a2a-be8b250e8d6e",
      "Days": "",
      "DealID": "charles fort cdo i ltd.",
      "DerivedFitchRating": "0",
      "DerivedMoodysRating": "",
      "DerivedSPRating": "",
      "EstimatedAverageLife": "0",
      "FitchRating": "",
      "FitchRatingSource": "",
      "GlobalFitchRating": "",
      "IndexType": "",
      "InterestCollection": "0",
      "InterestRate": "0",
      "InvestmentType": "",
      "IsDefaulted": "0",
      "IsPIK": "0",
      "IssuerDate": "",
      "MCORatingidx": "0",
      "MCOhaircut": "0",
      "MCOrec": "0",
      "Marketvalue": "0",
      "Maturity": "23-09-2022",
      "Month": "8",
      "MoodysRating": "",
      "MoodysRatingSource": "",
      "MovedToBlockchain": "true",
      "Negamissued": "",
      "PaymentFrequency": "0",
      "PrincipalBalance": "0",
      "PrincipalCollection": "0",
      "SPIssuanceRating": "",
      "SPIssuanceRating1": "",
      "SPIssuerRating": "",
      "SPRating": "",
      "SPRatingSource": "",
      "SPRatingidx": "0",
      "SPhaircut": "0",
      "SPidx": "0",
      "SPrec": "0",
      "SalesDate": "19-08-2022",
      "SalesReceipts": "27735",
      "SecurityName": "ABFC 2006-OPT2 M8",
      "SecurityType": "",
      "SeqNo": "9",
      "ServicerName": "",
      "ServicerRatingMoodys": "",
      "ServicerRatingMoodys1": "0",
      "ServicerRatingSP": "",
      "ServicerRatingSP1": "0",
      "SpecifiedType": "",
      "Spread": "0",
      "UpdatedBy": "4786c609-b9e2-4eb8-acb9-575af0aa6e51",
      "Year": "2022",
      "warf": "0"
    },
    {
      "Calculatedamount": "0",
      "CouponType": "V",
      "CreditOpinion": "D",
      "Currency": "USD",
      "Cusip": "80556AAM9",
      "DataID": "ae9bfce9-2591-484b-b943-e0364c749b06",
      "Days": "Actual/360",
      "DealID": "charles fort cdo i ltd.",
      "DerivedFitchRating": "0",
      "DerivedMoodysRating": "",
      "DerivedSPRating": "",
      "EstimatedAverageLife": "0.0833",
      "FitchRating": "",
      "FitchRatingSource": "",
      "GlobalFitchRating": "",
      "IndexType": "LIBOR",
      "InterestCollection": "0",
      "InterestRate": "3.49371",
      "InvestmentType": "RMBS",
      "IsDefaulted": "1",
      "IsPIK": "0",
      "IssuerDate": "10-10-2006",
      "MCORatingidx": "21",
      "MCOhaircut": "0",
      "MCOrec": "25",
      "Marketvalue": "0",
      "Maturity": "25-11-2036",
      "Month": "8",
      "MoodysRating": "C",
      "MoodysRatingSource": "Issue Rating - Moody's",
      "MovedToBlockchain": "true",
      "Negamissued": "Non-Issued",
      "PaymentFrequency": "1",
      "PrincipalBalance": "0",
      "PrincipalCollection": "150",
      "SPIssuanceRating": "BBB+",
      "SPIssuanceRating1": "BBB+",
      "SPIssuerRating": "D",
      "SPRating": "D",
      "SPRatingSource": "Issue Rating - S&P",
      "SPRatingidx": "1000",
      "SPhaircut": "0",
      "SPidx": "8",
      "SPrec": "50",
      "SalesDate": "19-08-2022",
      "SalesReceipts": "150",
      "SecurityName": "SAST 2006-3 B2",
      "SecurityType": "RMB",
      "SeqNo": "7",
      "ServicerName": "Saxon Mortgage Services Inc",
      "ServicerRatingMoodys": "SQ2+",
      "ServicerRatingMoodys1": "2",
      "ServicerRatingSP": "Above Average",
      "ServicerRatingSP1": "2",
      "SpecifiedType": "Residential B/C Mortgage",
      "Spread": "1.05",
      "UpdatedBy": "4786c609-b9e2-4eb8-acb9-575af0aa6e51",
      "Year": "2022",
      "warf": "10000"
    },
    {
      "Calculatedamount": "0",
      "CouponType": "V",
      "CreditOpinion": "D",
      "Currency": "USD",
      "Cusip": "43739HAE0",
      "DataID": "c5b6d3eb-409d-4769-ba64-ca76d728c273",
      "Days": "Actual/360",
      "DealID": "charles fort cdo i ltd.",
      "DerivedFitchRating": "0",
      "DerivedMoodysRating": "",
      "DerivedSPRating": "",
      "EstimatedAverageLife": "0.0833",
      "FitchRating": "",
      "FitchRatingSource": "",
      "GlobalFitchRating": "",
      "IndexType": "LIBOR",
      "InterestCollection": "0",
      "InterestRate": "4.39371",
      "InvestmentType": "RMBS",
      "IsDefaulted": "1",
      "IsPIK": "0",
      "IssuerDate": "30-11-2006",
      "MCORatingidx": "21",
      "MCOhaircut": "0",
      "MCOrec": "25",
      "Marketvalue": "0",
      "Maturity": "25-12-2036",
      "Month": "8",
      "MoodysRating": "C",
      "MoodysRatingSource": "Issue Rating - Moody's",
      "MovedToBlockchain": "true",
      "Negamissued": "Non-Issued",
      "PaymentFrequency": "1",
      "PrincipalBalance": "0",
      "PrincipalCollection": "200",
      "SPIssuanceRating": "BBB",
      "SPIssuanceRating1": "BBB",
      "SPIssuerRating": "D",
      "SPRating": "D",
      "SPRatingSource": "Issue Rating - S&P",
      "SPRatingidx": "1000",
      "SPhaircut": "0",
      "SPidx": "9",
      "SPrec": "50",
      "SalesDate": "19-08-2022",
      "SalesReceipts": "200",
      "SecurityName": "HMBT 2006-2 B1",
      "SecurityType": "RMB",
      "SeqNo": "3",
      "ServicerName": "HomeBanc",
      "ServicerRatingMoodys": "",
      "ServicerRatingMoodys1": "1000",
      "ServicerRatingSP": "",
      "ServicerRatingSP1": "1000",
      "SpecifiedType": "Residential A Mortgage",
      "Spread": "1.95",
      "UpdatedBy": "4786c609-b9e2-4eb8-acb9-575af0aa6e51",
      "Year": "2022",
      "warf": "10000"
    },
    {
      "Calculatedamount": "0",
      "CouponType": "V",
      "CreditOpinion": "D",
      "Currency": "USD",
      "Cusip": "00400DAD9",
      "DataID": "e1d60965-9fb3-4f4a-ad32-e5fbade184b5",
      "Days": "Actual/360",
      "DealID": "charles fort cdo i ltd.",
      "DerivedFitchRating": "0",
      "DerivedMoodysRating": "",
      "DerivedSPRating": "",
      "EstimatedAverageLife": "0.0833",
      "FitchRating": "",
      "FitchRatingSource": "",
      "GlobalFitchRating": "",
      "IndexType": "LIBOR",
      "InterestCollection": "0",
      "InterestRate": "6.11329",
      "InvestmentType": "CDO",
      "IsDefaulted": "1",
      "IsPIK": "1",
      "IssuerDate": "14-06-2007",
      "MCORatingidx": "21",
      "MCOhaircut": "0",
      "MCOrec": "35",
      "Marketvalue": "0",
      "Maturity": "08-10-2047",
      "Month": "8",
      "MoodysRating": "C",
      "MoodysRatingSource": "Issue Rating - Moody's",
      "MovedToBlockchain": "true",
      "Negamissued": "Non-Issued",
      "PaymentFrequency": "3",
      "PrincipalBalance": "0",
      "PrincipalCollection": "400",
      "SPIssuanceRating": "A",
      "SPIssuanceRating1": "A",
      "SPIssuerRating": "",
      "SPRating": "",
      "SPRatingSource": "",
      "SPRatingidx": "1000",
      "SPhaircut": "0",
      "SPidx": "6",
      "SPrec": "80",
      "SalesDate": "19-08-2022",
      "SalesReceipts": "400",
      "SecurityName": "ACCDO 12A C",
      "SecurityType": "CDO",
      "SeqNo": "8",
      "ServicerName": "Redwood Asset Management",
      "ServicerRatingMoodys": "",
      "ServicerRatingMoodys1": "1000",
      "ServicerRatingSP": "",
      "ServicerRatingSP1": "1000",
      "SpecifiedType": "ABS CDO",
      "Spread": "3.25",
      "UpdatedBy": "4786c609-b9e2-4eb8-acb9-575af0aa6e51",
      "Year": "2022",
      "warf": "10000"
    }
  ]
},{
  "_id": {
    "$oid": "66607b229bedb84389e49d78"
  },
  "DealName": "Charles Fort CDO I Ltd.",
  "Month": "9",
  "Year": "2022",
  "Data": [
    {
      "Calculatedamount": "null",
      "CouponType": "",
      "CreditOpinion": "",
      "Currency": "",
      "Cusip": "null",
      "DataID": "1b56ebf1-0041-4dc7-9a02-219a39f95e4c",
      "Days": "",
      "DealID": "charles fort cdo i ltd.",
      "DerivedFitchRating": "null",
      "DerivedMoodysRating": "",
      "DerivedSPRating": "",
      "EstimatedAverageLife": "null",
      "FitchRating": "",
      "FitchRatingSource": "",
      "GlobalFitchRating": "",
      "IndexType": "",
      "InterestCollection": "",
      "InterestRate": "null",
      "InvestmentType": "0",
      "IsDefaulted": "null",
      "IsPIK": "null",
      "IssuerDate": "",
      "MCORatingidx": "null",
      "MCOhaircut": "null",
      "MCOrec": "null",
      "Marketvalue": "null",
      "Maturity": "01-10-2022",
      "Month": "9",
      "MoodysRating": "",
      "MoodysRatingSource": "",
      "MovedToBlockchain": "true",
      "Negamissued": "",
      "PaymentFrequency": "null",
      "PrincipalBalance": "0",
      "PrincipalCollection": "",
      "SPIssuanceRating": "",
      "SPIssuanceRating1": "",
      "SPIssuerRating": "",
      "SPRating": "",
      "SPRatingSource": "",
      "SPRatingidx": "null",
      "SPhaircut": "null",
      "SPidx": "null",
      "SPrec": "null",
      "SalesDate": "",
      "SalesReceipts": "null",
      "SecurityName": "null",
      "SecurityType": "",
      "SeqNo": "9",
      "ServicerName": "",
      "ServicerRatingMoodys": "",
      "ServicerRatingMoodys1": "null",
      "ServicerRatingSP": "",
      "ServicerRatingSP1": "null",
      "SpecifiedType": "",
      "Spread": "null",
      "UpdatedBy": "4786c609-b9e2-4eb8-acb9-575af0aa6e51",
      "Year": "2022",
      "warf": "null"
    },
    {
      "Calculatedamount": "null",
      "CouponType": "",
      "CreditOpinion": "",
      "Currency": "",
      "Cusip": "null",
      "DataID": "269a9a71-8d9d-4fa3-b48d-a7f976a587ce",
      "Days": "",
      "DealID": "charles fort cdo i ltd.",
      "DerivedFitchRating": "null",
      "DerivedMoodysRating": "",
      "DerivedSPRating": "",
      "EstimatedAverageLife": "null",
      "FitchRating": "",
      "FitchRatingSource": "",
      "GlobalFitchRating": "",
      "IndexType": "",
      "InterestCollection": "",
      "InterestRate": "null",
      "InvestmentType": "0",
      "IsDefaulted": "null",
      "IsPIK": "null",
      "IssuerDate": "",
      "MCORatingidx": "null",
      "MCOhaircut": "null",
      "MCOrec": "null",
      "Marketvalue": "null",
      "Maturity": "01-10-2022",
      "Month": "9",
      "MoodysRating": "",
      "MoodysRatingSource": "",
      "MovedToBlockchain": "true",
      "Negamissued": "",
      "PaymentFrequency": "null",
      "PrincipalBalance": "0",
      "PrincipalCollection": "",
      "SPIssuanceRating": "",
      "SPIssuanceRating1": "",
      "SPIssuerRating": "",
      "SPRating": "",
      "SPRatingSource": "",
      "SPRatingidx": "null",
      "SPhaircut": "null",
      "SPidx": "null",
      "SPrec": "null",
      "SalesDate": "",
      "SalesReceipts": "null",
      "SecurityName": "null",
      "SecurityType": "",
      "SeqNo": "11",
      "ServicerName": "",
      "ServicerRatingMoodys": "",
      "ServicerRatingMoodys1": "null",
      "ServicerRatingSP": "",
      "ServicerRatingSP1": "null",
      "SpecifiedType": "",
      "Spread": "null",
      "UpdatedBy": "4786c609-b9e2-4eb8-acb9-575af0aa6e51",
      "Year": "2022",
      "warf": "null"
    },
    {
      "Calculatedamount": "null",
      "CouponType": "",
      "CreditOpinion": "",
      "Currency": "",
      "Cusip": "null",
      "DataID": "4a6e26e3-d93a-4f64-89a3-f7f956b3d00d",
      "Days": "",
      "DealID": "charles fort cdo i ltd.",
      "DerivedFitchRating": "null",
      "DerivedMoodysRating": "",
      "DerivedSPRating": "",
      "EstimatedAverageLife": "null",
      "FitchRating": "",
      "FitchRatingSource": "",
      "GlobalFitchRating": "",
      "IndexType": "",
      "InterestCollection": "",
      "InterestRate": "null",
      "InvestmentType": "0",
      "IsDefaulted": "null",
      "IsPIK": "null",
      "IssuerDate": "",
      "MCORatingidx": "null",
      "MCOhaircut": "null",
      "MCOrec": "null",
      "Marketvalue": "null",
      "Maturity": "01-10-2022",
      "Month": "9",
      "MoodysRating": "",
      "MoodysRatingSource": "",
      "MovedToBlockchain": "true",
      "Negamissued": "",
      "PaymentFrequency": "null",
      "PrincipalBalance": "0",
      "PrincipalCollection": "",
      "SPIssuanceRating": "",
      "SPIssuanceRating1": "",
      "SPIssuerRating": "",
      "SPRating": "",
      "SPRatingSource": "",
      "SPRatingidx": "null",
      "SPhaircut": "null",
      "SPidx": "null",
      "SPrec": "null",
      "SalesDate": "",
      "SalesReceipts": "null",
      "SecurityName": "null",
      "SecurityType": "",
      "SeqNo": "2",
      "ServicerName": "",
      "ServicerRatingMoodys": "",
      "ServicerRatingMoodys1": "null",
      "ServicerRatingSP": "",
      "ServicerRatingSP1": "null",
      "SpecifiedType": "",
      "Spread": "null",
      "UpdatedBy": "4786c609-b9e2-4eb8-acb9-575af0aa6e51",
      "Year": "2022",
      "warf": "null"
    },
    {
      "Calculatedamount": "null",
      "CouponType": "",
      "CreditOpinion": "",
      "Currency": "",
      "Cusip": "null",
      "DataID": "54930bb3-8d39-4c7f-9ce6-1c13d33b4e57",
      "Days": "",
      "DealID": "charles fort cdo i ltd.",
      "DerivedFitchRating": "null",
      "DerivedMoodysRating": "",
      "DerivedSPRating": "",
      "EstimatedAverageLife": "null",
      "FitchRating": "",
      "FitchRatingSource": "",
      "GlobalFitchRating": "",
      "IndexType": "",
      "InterestCollection": "",
      "InterestRate": "null",
      "InvestmentType": "0",
      "IsDefaulted": "null",
      "IsPIK": "null",
      "IssuerDate": "",
      "MCORatingidx": "null",
      "MCOhaircut": "null",
      "MCOrec": "null",
      "Marketvalue": "null",
      "Maturity": "01-10-2022",
      "Month": "9",
      "MoodysRating": "",
      "MoodysRatingSource": "",
      "MovedToBlockchain": "true",
      "Negamissued": "",
      "PaymentFrequency": "null",
      "PrincipalBalance": "0",
      "PrincipalCollection": "",
      "SPIssuanceRating": "",
      "SPIssuanceRating1": "",
      "SPIssuerRating": "",
      "SPRating": "",
      "SPRatingSource": "",
      "SPRatingidx": "null",
      "SPhaircut": "null",
      "SPidx": "null",
      "SPrec": "null",
      "SalesDate": "",
      "SalesReceipts": "null",
      "SecurityName": "null",
      "SecurityType": "",
      "SeqNo": "1",
      "ServicerName": "",
      "ServicerRatingMoodys": "",
      "ServicerRatingMoodys1": "null",
      "ServicerRatingSP": "",
      "ServicerRatingSP1": "null",
      "SpecifiedType": "",
      "Spread": "null",
      "UpdatedBy": "4786c609-b9e2-4eb8-acb9-575af0aa6e51",
      "Year": "2022",
      "warf": "null"
    },
    {
      "Calculatedamount": "null",
      "CouponType": "",
      "CreditOpinion": "",
      "Currency": "",
      "Cusip": "null",
      "DataID": "5b4df602-b698-4129-8b9b-d11a8a66edde",
      "Days": "",
      "DealID": "charles fort cdo i ltd.",
      "DerivedFitchRating": "null",
      "DerivedMoodysRating": "",
      "DerivedSPRating": "",
      "EstimatedAverageLife": "null",
      "FitchRating": "",
      "FitchRatingSource": "",
      "GlobalFitchRating": "",
      "IndexType": "",
      "InterestCollection": "",
      "InterestRate": "null",
      "InvestmentType": "0",
      "IsDefaulted": "null",
      "IsPIK": "null",
      "IssuerDate": "",
      "MCORatingidx": "null",
      "MCOhaircut": "null",
      "MCOrec": "null",
      "Marketvalue": "null",
      "Maturity": "01-10-2022",
      "Month": "9",
      "MoodysRating": "",
      "MoodysRatingSource": "",
      "MovedToBlockchain": "true",
      "Negamissued": "",
      "PaymentFrequency": "null",
      "PrincipalBalance": "0",
      "PrincipalCollection": "",
      "SPIssuanceRating": "",
      "SPIssuanceRating1": "",
      "SPIssuerRating": "",
      "SPRating": "",
      "SPRatingSource": "",
      "SPRatingidx": "null",
      "SPhaircut": "null",
      "SPidx": "null",
      "SPrec": "null",
      "SalesDate": "",
      "SalesReceipts": "null",
      "SecurityName": "null",
      "SecurityType": "",
      "SeqNo": "3",
      "ServicerName": "",
      "ServicerRatingMoodys": "",
      "ServicerRatingMoodys1": "null",
      "ServicerRatingSP": "",
      "ServicerRatingSP1": "null",
      "SpecifiedType": "",
      "Spread": "null",
      "UpdatedBy": "4786c609-b9e2-4eb8-acb9-575af0aa6e51",
      "Year": "2022",
      "warf": "null"
    },
    {
      "Calculatedamount": "null",
      "CouponType": "",
      "CreditOpinion": "",
      "Currency": "",
      "Cusip": "null",
      "DataID": "9fa7bc90-864f-4ea6-820b-7889b8d415c5",
      "Days": "",
      "DealID": "charles fort cdo i ltd.",
      "DerivedFitchRating": "null",
      "DerivedMoodysRating": "",
      "DerivedSPRating": "",
      "EstimatedAverageLife": "null",
      "FitchRating": "",
      "FitchRatingSource": "",
      "GlobalFitchRating": "",
      "IndexType": "",
      "InterestCollection": "",
      "InterestRate": "null",
      "InvestmentType": "0",
      "IsDefaulted": "null",
      "IsPIK": "null",
      "IssuerDate": "",
      "MCORatingidx": "null",
      "MCOhaircut": "null",
      "MCOrec": "null",
      "Marketvalue": "null",
      "Maturity": "01-10-2022",
      "Month": "9",
      "MoodysRating": "",
      "MoodysRatingSource": "",
      "MovedToBlockchain": "true",
      "Negamissued": "",
      "PaymentFrequency": "null",
      "PrincipalBalance": "0",
      "PrincipalCollection": "",
      "SPIssuanceRating": "",
      "SPIssuanceRating1": "",
      "SPIssuerRating": "",
      "SPRating": "",
      "SPRatingSource": "",
      "SPRatingidx": "null",
      "SPhaircut": "null",
      "SPidx": "null",
      "SPrec": "null",
      "SalesDate": "",
      "SalesReceipts": "null",
      "SecurityName": "null",
      "SecurityType": "",
      "SeqNo": "4",
      "ServicerName": "",
      "ServicerRatingMoodys": "",
      "ServicerRatingMoodys1": "null",
      "ServicerRatingSP": "",
      "ServicerRatingSP1": "null",
      "SpecifiedType": "",
      "Spread": "null",
      "UpdatedBy": "4786c609-b9e2-4eb8-acb9-575af0aa6e51",
      "Year": "2022",
      "warf": "null"
    },
    {
      "Calculatedamount": "null",
      "CouponType": "",
      "CreditOpinion": "",
      "Currency": "",
      "Cusip": "null",
      "DataID": "ad8c0d46-3253-4f73-a185-d81e28439550",
      "Days": "",
      "DealID": "charles fort cdo i ltd.",
      "DerivedFitchRating": "null",
      "DerivedMoodysRating": "",
      "DerivedSPRating": "",
      "EstimatedAverageLife": "null",
      "FitchRating": "",
      "FitchRatingSource": "",
      "GlobalFitchRating": "",
      "IndexType": "",
      "InterestCollection": "",
      "InterestRate": "null",
      "InvestmentType": "0",
      "IsDefaulted": "null",
      "IsPIK": "null",
      "IssuerDate": "",
      "MCORatingidx": "null",
      "MCOhaircut": "null",
      "MCOrec": "null",
      "Marketvalue": "null",
      "Maturity": "01-10-2022",
      "Month": "9",
      "MoodysRating": "",
      "MoodysRatingSource": "",
      "MovedToBlockchain": "true",
      "Negamissued": "",
      "PaymentFrequency": "null",
      "PrincipalBalance": "0",
      "PrincipalCollection": "",
      "SPIssuanceRating": "",
      "SPIssuanceRating1": "",
      "SPIssuerRating": "",
      "SPRating": "",
      "SPRatingSource": "",
      "SPRatingidx": "null",
      "SPhaircut": "null",
      "SPidx": "null",
      "SPrec": "null",
      "SalesDate": "",
      "SalesReceipts": "null",
      "SecurityName": "null",
      "SecurityType": "",
      "SeqNo": "6",
      "ServicerName": "",
      "ServicerRatingMoodys": "",
      "ServicerRatingMoodys1": "null",
      "ServicerRatingSP": "",
      "ServicerRatingSP1": "null",
      "SpecifiedType": "",
      "Spread": "null",
      "UpdatedBy": "4786c609-b9e2-4eb8-acb9-575af0aa6e51",
      "Year": "2022",
      "warf": "null"
    },
    {
      "Calculatedamount": "null",
      "CouponType": "",
      "CreditOpinion": "",
      "Currency": "",
      "Cusip": "null",
      "DataID": "adbc02d2-5bf5-462a-96e7-e5681b012f67",
      "Days": "",
      "DealID": "charles fort cdo i ltd.",
      "DerivedFitchRating": "null",
      "DerivedMoodysRating": "",
      "DerivedSPRating": "",
      "EstimatedAverageLife": "null",
      "FitchRating": "",
      "FitchRatingSource": "",
      "GlobalFitchRating": "",
      "IndexType": "",
      "InterestCollection": "",
      "InterestRate": "null",
      "InvestmentType": "0",
      "IsDefaulted": "null",
      "IsPIK": "null",
      "IssuerDate": "",
      "MCORatingidx": "null",
      "MCOhaircut": "null",
      "MCOrec": "null",
      "Marketvalue": "null",
      "Maturity": "01-10-2022",
      "Month": "9",
      "MoodysRating": "",
      "MoodysRatingSource": "",
      "MovedToBlockchain": "true",
      "Negamissued": "",
      "PaymentFrequency": "null",
      "PrincipalBalance": "0",
      "PrincipalCollection": "",
      "SPIssuanceRating": "",
      "SPIssuanceRating1": "",
      "SPIssuerRating": "",
      "SPRating": "",
      "SPRatingSource": "",
      "SPRatingidx": "null",
      "SPhaircut": "null",
      "SPidx": "null",
      "SPrec": "null",
      "SalesDate": "",
      "SalesReceipts": "null",
      "SecurityName": "null",
      "SecurityType": "",
      "SeqNo": "7",
      "ServicerName": "",
      "ServicerRatingMoodys": "",
      "ServicerRatingMoodys1": "null",
      "ServicerRatingSP": "",
      "ServicerRatingSP1": "null",
      "SpecifiedType": "",
      "Spread": "null",
      "UpdatedBy": "4786c609-b9e2-4eb8-acb9-575af0aa6e51",
      "Year": "2022",
      "warf": "null"
    },
    {
      "Calculatedamount": "null",
      "CouponType": "",
      "CreditOpinion": "",
      "Currency": "",
      "Cusip": "null",
      "DataID": "bdcaea33-16b1-4b3e-a5e3-e8fa55c0aabf",
      "Days": "",
      "DealID": "charles fort cdo i ltd.",
      "DerivedFitchRating": "null",
      "DerivedMoodysRating": "",
      "DerivedSPRating": "",
      "EstimatedAverageLife": "null",
      "FitchRating": "",
      "FitchRatingSource": "",
      "GlobalFitchRating": "",
      "IndexType": "",
      "InterestCollection": "",
      "InterestRate": "null",
      "InvestmentType": "0",
      "IsDefaulted": "null",
      "IsPIK": "null",
      "IssuerDate": "",
      "MCORatingidx": "null",
      "MCOhaircut": "null",
      "MCOrec": "null",
      "Marketvalue": "null",
      "Maturity": "01-10-2022",
      "Month": "9",
      "MoodysRating": "",
      "MoodysRatingSource": "",
      "MovedToBlockchain": "true",
      "Negamissued": "",
      "PaymentFrequency": "null",
      "PrincipalBalance": "0",
      "PrincipalCollection": "",
      "SPIssuanceRating": "",
      "SPIssuanceRating1": "",
      "SPIssuerRating": "",
      "SPRating": "",
      "SPRatingSource": "",
      "SPRatingidx": "null",
      "SPhaircut": "null",
      "SPidx": "null",
      "SPrec": "null",
      "SalesDate": "",
      "SalesReceipts": "null",
      "SecurityName": "null",
      "SecurityType": "",
      "SeqNo": "8",
      "ServicerName": "",
      "ServicerRatingMoodys": "",
      "ServicerRatingMoodys1": "null",
      "ServicerRatingSP": "",
      "ServicerRatingSP1": "null",
      "SpecifiedType": "",
      "Spread": "null",
      "UpdatedBy": "4786c609-b9e2-4eb8-acb9-575af0aa6e51",
      "Year": "2022",
      "warf": "null"
    },
    {
      "Calculatedamount": "null",
      "CouponType": "",
      "CreditOpinion": "",
      "Currency": "",
      "Cusip": "null",
      "DataID": "ebf67cd4-dcc2-4231-9eda-bb27cda0b2d9",
      "Days": "",
      "DealID": "charles fort cdo i ltd.",
      "DerivedFitchRating": "null",
      "DerivedMoodysRating": "",
      "DerivedSPRating": "",
      "EstimatedAverageLife": "null",
      "FitchRating": "",
      "FitchRatingSource": "",
      "GlobalFitchRating": "",
      "IndexType": "",
      "InterestCollection": "",
      "InterestRate": "null",
      "InvestmentType": "0",
      "IsDefaulted": "null",
      "IsPIK": "null",
      "IssuerDate": "",
      "MCORatingidx": "null",
      "MCOhaircut": "null",
      "MCOrec": "null",
      "Marketvalue": "null",
      "Maturity": "01-10-2022",
      "Month": "9",
      "MoodysRating": "",
      "MoodysRatingSource": "",
      "MovedToBlockchain": "true",
      "Negamissued": "",
      "PaymentFrequency": "null",
      "PrincipalBalance": "0",
      "PrincipalCollection": "",
      "SPIssuanceRating": "",
      "SPIssuanceRating1": "",
      "SPIssuerRating": "",
      "SPRating": "",
      "SPRatingSource": "",
      "SPRatingidx": "null",
      "SPhaircut": "null",
      "SPidx": "null",
      "SPrec": "null",
      "SalesDate": "",
      "SalesReceipts": "null",
      "SecurityName": "null",
      "SecurityType": "",
      "SeqNo": "5",
      "ServicerName": "",
      "ServicerRatingMoodys": "",
      "ServicerRatingMoodys1": "null",
      "ServicerRatingSP": "",
      "ServicerRatingSP1": "null",
      "SpecifiedType": "",
      "Spread": "null",
      "UpdatedBy": "4786c609-b9e2-4eb8-acb9-575af0aa6e51",
      "Year": "2022",
      "warf": "null"
    },
    {
      "Calculatedamount": "null",
      "CouponType": "",
      "CreditOpinion": "",
      "Currency": "",
      "Cusip": "null",
      "DataID": "f69184eb-08d3-4d76-a4fd-892f3f3f969f",
      "Days": "",
      "DealID": "charles fort cdo i ltd.",
      "DerivedFitchRating": "null",
      "DerivedMoodysRating": "",
      "DerivedSPRating": "",
      "EstimatedAverageLife": "null",
      "FitchRating": "",
      "FitchRatingSource": "",
      "GlobalFitchRating": "",
      "IndexType": "",
      "InterestCollection": "",
      "InterestRate": "null",
      "InvestmentType": "0",
      "IsDefaulted": "null",
      "IsPIK": "null",
      "IssuerDate": "",
      "MCORatingidx": "null",
      "MCOhaircut": "null",
      "MCOrec": "null",
      "Marketvalue": "null",
      "Maturity": "01-10-2022",
      "Month": "9",
      "MoodysRating": "",
      "MoodysRatingSource": "",
      "MovedToBlockchain": "true",
      "Negamissued": "",
      "PaymentFrequency": "null",
      "PrincipalBalance": "0",
      "PrincipalCollection": "",
      "SPIssuanceRating": "",
      "SPIssuanceRating1": "",
      "SPIssuerRating": "",
      "SPRating": "",
      "SPRatingSource": "",
      "SPRatingidx": "null",
      "SPhaircut": "null",
      "SPidx": "null",
      "SPrec": "null",
      "SalesDate": "",
      "SalesReceipts": "null",
      "SecurityName": "null",
      "SecurityType": "",
      "SeqNo": "10",
      "ServicerName": "",
      "ServicerRatingMoodys": "",
      "ServicerRatingMoodys1": "null",
      "ServicerRatingSP": "",
      "ServicerRatingSP1": "null",
      "SpecifiedType": "",
      "Spread": "null",
      "UpdatedBy": "4786c609-b9e2-4eb8-acb9-575af0aa6e51",
      "Year": "2022",
      "warf": "null"
    }
  ]
}]