[{
  "_id": {
    "$oid": "6660773d48669940652314e3"
  },
  "isDealId": "charlesforttest",
  "isEndDate": "",
  "isId": "1fd40e49-cd9c-4845-b872-9f9625047268",
  "isNoOfDays": "",
  "isReportingDate": "",
  "isStartDate": ""
},{
  "_id": {
    "$oid": "6660773d48669940652314e4"
  },
  "isDealId": "charles fort cdo i ltd.",
  "isEndDate": "",
  "isId": "255a8e26-27ee-4463-a368-2da1ce013441",
  "isNoOfDays": "",
  "isReportingDate": "",
  "isStartDate": ""
},{
  "_id": {
    "$oid": "6660773d48669940652314e5"
  },
  "isDealId": "mohanatest",
  "isEndDate": "",
  "isId": "364888a0-57e0-4d4e-aa46-b95b81541635",
  "isNoOfDays": "",
  "isReportingDate": "",
  "isStartDate": ""
}]