[{
  "_id": {
    "$oid": "66606a2d734951374b264ffb"
  },
  "DealId": "Orion2006-1test",
  "Id": "3fe116a2-4494-4fc5-b714-47fea371e65d"
},{
  "_id": {
    "$oid": "66606a2d734951374b264ffc"
  },
  "DealId": "ORION 2006-1 LTD",
  "Id": "595f4794-73f6-40b8-88e6-1837d3d45534"
},{
  "_id": {
    "$oid": "66606a2d734951374b264ffd"
  },
  "DealId": "Orion2006-1test",
  "Id": "6836adc9-774e-440e-a36c-baba06b26fc1"
},{
  "_id": {
    "$oid": "66606a2d734951374b264ffe"
  },
  "DealId": "Orion2006-1test",
  "Id": "d49edc76-9b46-4e79-a3f9-f7b18886a2fc"
},{
  "_id": {
    "$oid": "66606a2d734951374b264fff"
  },
  "DealId": "Orion2006-1test1",
  "Id": "decb41fa-fdc1-44d7-8b17-fcad2f8fb69e"
}]