[{
  "_id": {
    "$oid": "66606aa8734951374b265007"
  },
  "trCurrentDate": "01-06-2023",
  "trDealId": "orion2006-1test1",
  "trID": "12afb8ad-fe2c-4cbb-a95b-a774e55d02bc",
  "trName": "D",
  "trOriginalBalance": "4000000",
  "trSeqNo": "7",
  "trUserID": "4786c609-b9e2-4eb8-acb9-575af0aa6e51",
  "trcusip": "00400DAD9"
},{
  "_id": {
    "$oid": "66606aa8734951374b265011"
  },
  "trCurrentDate": "01-06-2023",
  "trDealId": "orion 2006-1 ltd",
  "trID": "623f57f2-0153-4491-9dd4-84b9953f4f37",
  "trName": "D",
  "trOriginalBalance": "19000000",
  "trSeqNo": "8",
  "trUserID": "4786c609-b9e2-4eb8-acb9-575af0aa6e51",
  "trcusip": "G0065RAD7"
},{
  "_id": {
    "$oid": "66606aa8734951374b265009"
  },
  "trCurrentDate": "21-05-2023",
  "trDealId": "orion2006-1test",
  "trID": "227d633d-3571-4575-ae0e-e0af9a05bc0c",
  "trName": "D",
  "trOriginalBalance": "4000000",
  "trSeqNo": "7",
  "trUserID": "4786c609-b9e2-4eb8-acb9-575af0aa6e51",
  "trcusip": "00400DAD9"
},{
  "_id": {
    "$oid": "66606aa8734951374b26500a"
  },
  "trCurrentDate": "01-06-2023",
  "trDealId": "orion 2006-1 ltd",
  "trID": "28753073-ae33-4ba1-9472-b5582c8560f0",
  "trName": "A",
  "trOriginalBalance": "40000000",
  "trSeqNo": "1",
  "trUserID": "4786c609-b9e2-4eb8-acb9-575af0aa6e51",
  "trcusip": "68626VAA0"
},{
  "_id": {
    "$oid": "66606aa8734951374b26500c"
  },
  "trCurrentDate": "01-06-2023",
  "trDealId": "orion 2006-1 ltd",
  "trID": "2f8a372c-ee86-416c-8409-615961f3e08b",
  "trName": "A",
  "trOriginalBalance": "40000000",
  "trSeqNo": "2",
  "trUserID": "4786c609-b9e2-4eb8-acb9-575af0aa6e51",
  "trcusip": "68626VAE2"
},{
  "_id": {
    "$oid": "66606aa8734951374b26500d"
  },
  "trCurrentDate": "01-06-2023",
  "trDealId": "orion2006-1test1",
  "trID": "31aa521d-8495-48f1-8db3-07a748c12e10",
  "trName": "C",
  "trOriginalBalance": "77000000",
  "trSeqNo": "5",
  "trUserID": "4786c609-b9e2-4eb8-acb9-575af0aa6e51",
  "trcusip": "00400DAC1"
},{
  "_id": {
    "$oid": "66606aa8734951374b26500e"
  },
  "trCurrentDate": "01-06-2023",
  "trDealId": "orion 2006-1 ltd",
  "trID": "4498e26b-f7a8-4adf-906f-921bb92a8c04",
  "trName": "D",
  "trOriginalBalance": "4000000",
  "trSeqNo": "7",
  "trUserID": "4786c609-b9e2-4eb8-acb9-575af0aa6e51",
  "trcusip": "00400DAD9"
},{
  "_id": {
    "$oid": "66606aa8734951374b26500f"
  },
  "trCurrentDate": "01-06-2023",
  "trDealId": "orion2006-1test1",
  "trID": "4ca088b0-fdbf-4b98-9e79-774235999aea",
  "trName": "D",
  "trOriginalBalance": "19000000",
  "trSeqNo": "8",
  "trUserID": "4786c609-b9e2-4eb8-acb9-575af0aa6e51",
  "trcusip": "G0065RAD7"
},{
  "_id": {
    "$oid": "66606aa8734951374b265010"
  },
  "trCurrentDate": "01-06-2023",
  "trDealId": "orion2006-1test1",
  "trID": "5104005a-17e5-4f9b-b9ce-5b0a4174771c",
  "trName": "B",
  "trOriginalBalance": "81000000",
  "trSeqNo": "4",
  "trUserID": "4786c609-b9e2-4eb8-acb9-575af0aa6e51",
  "trcusip": "68626VAB8"
},{
  "_id": {
    "$oid": "66606aa8734951374b265008"
  },
  "trCurrentDate": "21-05-2023",
  "trDealId": "orion2006-1test",
  "trID": "1afe7cf2-555f-475c-8b4c-f24e0cc1292c",
  "trName": "D",
  "trOriginalBalance": "19000000",
  "trSeqNo": "8",
  "trUserID": "4786c609-b9e2-4eb8-acb9-575af0aa6e51",
  "trcusip": "G0065RAD7"
},{
  "_id": {
    "$oid": "66606aa8734951374b265013"
  },
  "trCurrentDate": "21-05-2023",
  "trDealId": "orion2006-1test",
  "trID": "87eda94f-0232-4ecf-b1bd-a33ececfc33e",
  "trName": "B",
  "trOriginalBalance": "81000000",
  "trSeqNo": "4",
  "trUserID": "4786c609-b9e2-4eb8-acb9-575af0aa6e51",
  "trcusip": "68626VAB8"
},{
  "_id": {
    "$oid": "66606aa8734951374b265014"
  },
  "trCurrentDate": "01-06-2023",
  "trDealId": "orion 2006-1 ltd",
  "trID": "9210a88a-ada0-498b-9844-7a3b602dea8a",
  "trName": "A",
  "trOriginalBalance": "18500000",
  "trSeqNo": "3",
  "trUserID": "4786c609-b9e2-4eb8-acb9-575af0aa6e51",
  "trcusip": "G67832AA6"
},{
  "_id": {
    "$oid": "66606aa8734951374b26500b"
  },
  "trCurrentDate": "01-06-2023",
  "trDealId": "orion2006-1test1",
  "trID": "2c7c4339-0d82-4c78-9117-e909d5b4af87",
  "trName": "PREFER",
  "trOriginalBalance": "71500000",
  "trSeqNo": "9",
  "trUserID": "4786c609-b9e2-4eb8-acb9-575af0aa6e51",
  "trcusip": "00400DAE7"
},{
  "_id": {
    "$oid": "66606aa8734951374b265015"
  },
  "trCurrentDate": "21-05-2023",
  "trDealId": "orion2006-1test",
  "trID": "9395ca44-2533-4b84-834a-d657fd0ddd3a",
  "trName": "A",
  "trOriginalBalance": "40000000",
  "trSeqNo": "1",
  "trUserID": "4786c609-b9e2-4eb8-acb9-575af0aa6e51",
  "trcusip": "68626VAA0"
},{
  "_id": {
    "$oid": "66606aa8734951374b265016"
  },
  "trCurrentDate": "21-05-2023",
  "trDealId": "orion2006-1test",
  "trID": "94e39208-5cf9-4e67-9614-3a731cf38293",
  "trName": "A",
  "trOriginalBalance": "40000000",
  "trSeqNo": "2",
  "trUserID": "4786c609-b9e2-4eb8-acb9-575af0aa6e51",
  "trcusip": "68626VAE2"
},{
  "_id": {
    "$oid": "66606aa8734951374b265018"
  },
  "trCurrentDate": "01-06-2023",
  "trDealId": "orion2006-1test1",
  "trID": "ceaefc03-37fc-4e9a-84f9-22a21aae95c6",
  "trName": "D",
  "trOriginalBalance": "13000000",
  "trSeqNo": "6",
  "trUserID": "4786c609-b9e2-4eb8-acb9-575af0aa6e51",
  "trcusip": "G0065RAC9"
},{
  "_id": {
    "$oid": "66606aa8734951374b265017"
  },
  "trCurrentDate": "21-05-2023",
  "trDealId": "orion2006-1test",
  "trID": "b916e55d-f0b3-43bb-8112-9ede9d86d35d",
  "trName": "C",
  "trOriginalBalance": "77000000",
  "trSeqNo": "5",
  "trUserID": "4786c609-b9e2-4eb8-acb9-575af0aa6e51",
  "trcusip": "00400DAC1"
},{
  "_id": {
    "$oid": "66606aa8734951374b265019"
  },
  "trCurrentDate": "01-06-2023",
  "trDealId": "orion 2006-1 ltd",
  "trID": "d01bc60b-2a5e-4915-af96-9ed51d9335af",
  "trName": "D",
  "trOriginalBalance": "13000000",
  "trSeqNo": "6",
  "trUserID": "4786c609-b9e2-4eb8-acb9-575af0aa6e51",
  "trcusip": "G0065RAC9"
},{
  "_id": {
    "$oid": "66606aa8734951374b26501a"
  },
  "trCurrentDate": "21-05-2023",
  "trDealId": "orion2006-1test",
  "trID": "d223c7d7-8a0b-4432-b4e1-0d29754ae3a6",
  "trName": "PREFER",
  "trOriginalBalance": "71500000",
  "trSeqNo": "9",
  "trUserID": "4786c609-b9e2-4eb8-acb9-575af0aa6e51",
  "trcusip": "00400DAE7"
},{
  "_id": {
    "$oid": "66606aa8734951374b26501b"
  },
  "trCurrentDate": "01-06-2023",
  "trDealId": "orion 2006-1 ltd",
  "trID": "d9122082-27d8-4290-8665-237e2f7f202b",
  "trName": "B",
  "trOriginalBalance": "81000000",
  "trSeqNo": "4",
  "trUserID": "4786c609-b9e2-4eb8-acb9-575af0aa6e51",
  "trcusip": "68626VAB8"
},{
  "_id": {
    "$oid": "66606aa8734951374b26501c"
  },
  "trCurrentDate": "01-06-2023",
  "trDealId": "orion 2006-1 ltd",
  "trID": "da76bffc-0d56-4892-8e19-d6d29229e784",
  "trName": "C",
  "trOriginalBalance": "77000000",
  "trSeqNo": "5",
  "trUserID": "4786c609-b9e2-4eb8-acb9-575af0aa6e51",
  "trcusip": "00400DAC1"
},{
  "_id": {
    "$oid": "66606aa8734951374b26501d"
  },
  "trCurrentDate": "01-06-2023",
  "trDealId": "orion 2006-1 ltd",
  "trID": "e72cb8f3-227e-4122-bd55-82ac3834ccfd",
  "trName": "PREFER",
  "trOriginalBalance": "71500000",
  "trSeqNo": "9",
  "trUserID": "4786c609-b9e2-4eb8-acb9-575af0aa6e51",
  "trcusip": "00400DAE7"
},{
  "_id": {
    "$oid": "66606aa8734951374b26501e"
  },
  "trCurrentDate": "01-06-2023",
  "trDealId": "orion2006-1test1",
  "trID": "e99eb23b-3cb6-4c15-9358-6c23c1a5f9d2",
  "trName": "A",
  "trOriginalBalance": "18500000",
  "trSeqNo": "3",
  "trUserID": "4786c609-b9e2-4eb8-acb9-575af0aa6e51",
  "trcusip": "G67832AA6"
},{
  "_id": {
    "$oid": "66606aa8734951374b26501f"
  },
  "trCurrentDate": "01-06-2023",
  "trDealId": "orion2006-1test1",
  "trID": "ec61c48c-48e0-4d8f-8ed4-b11b0f9bb60b",
  "trName": "A",
  "trOriginalBalance": "40000000",
  "trSeqNo": "1",
  "trUserID": "4786c609-b9e2-4eb8-acb9-575af0aa6e51",
  "trcusip": "68626VAA0"
},{
  "_id": {
    "$oid": "66606aa8734951374b265020"
  },
  "trCurrentDate": "21-05-2023",
  "trDealId": "orion2006-1test",
  "trID": "f519e289-d04b-446f-ba12-ddf6b3c18a22",
  "trName": "A",
  "trOriginalBalance": "18500000",
  "trSeqNo": "3",
  "trUserID": "4786c609-b9e2-4eb8-acb9-575af0aa6e51",
  "trcusip": "G67832AA6"
},{
  "_id": {
    "$oid": "66606aa8734951374b265021"
  },
  "trCurrentDate": "01-06-2023",
  "trDealId": "orion2006-1test1",
  "trID": "e04ab957-183f-4a93-94fc-d56e31ab530f",
  "trName": "A",
  "trOriginalBalance": "40000000",
  "trSeqNo": "2",
  "trUserID": "4786c609-b9e2-4eb8-acb9-575af0aa6e51",
  "trcusip": "68626VAE2"
},{
  "_id": {
    "$oid": "66606aa8734951374b265012"
  },
  "trCurrentDate": "21-05-2023",
  "trDealId": "orion2006-1test",
  "trID": "784b520c-b478-4815-af06-124d55de8aec",
  "trName": "D",
  "trOriginalBalance": "13000000",
  "trSeqNo": "6",
  "trUserID": "4786c609-b9e2-4eb8-acb9-575af0aa6e51",
  "trcusip": "G0065RAC9"
}]