[{
  "_id": {
    "$oid": "66606dc6ec588638ef63b322"
  },
  "DealName": "ORION 2006-1 LTD",
  "Month": "3",
  "Year": "2023",
  "Data": [
    {
      "Calculatedamount": "0",
      "CouponType": "V",
      "CreditOpinion": "D",
      "Currency": "USD",
      "Cusip": "80556UAM5",
      "DataID": "02a1eed0-e3ef-4c88-9c5b-7ab8d9c68a24",
      "Days": "Actual/360",
      "DealID": "orion 2006-1 ltd",
      "DerivedFitchRating": "0",
      "DerivedMoodysRating": "0",
      "DerivedSPRating": "0",
      "EstimatedAverageLife": "0",
      "FitchRating": "0",
      "FitchRatingSource": "0",
      "FitchRatingatIssuance": "null",
      "GlobalFitchRating": "0",
      "IndexType": "LIBOR",
      "InterestCollection": "2904.68",
      "InterestRate": "6.6453",
      "InvestmentType": "null",
      "IsDefaulted": "true",
      "IsPIK": "null",
      "IssueDate": "",
      "IssuerDate": "",
      "MCORatingidx": "1000",
      "MCOhaircut": "null",
      "MCOhaircut ": "null",
      "MCOrec": "null",
      "Marketvalue": "null",
      "Maturity": "30-12-1899",
      "Month": "3",
      "MoodysRating": "0",
      "MoodysRatingSource": "0",
      "MoodysRatingatIssuance": "null",
      "MovedToBlockchain": "true",
      "Negamissued": "null",
      "PaymentFrequency": "1",
      "PrincipalBalance": "2500000",
      "PrincipalCollection": "0",
      "RecoveryRateMoodys1": "null",
      "RecoveryRateMoodys1 ": "null",
      "SPIndustryName": "0",
      "SPIssuanceRating": "null",
      "SPIssuerRating": "null",
      "SPRating": "0",
      "SPRatingSource": "0",
      "SPRatingatIssuance": "null",
      "SPRatingidx": "1000",
      "SPhaircut": "0",
      "SPhaircut ": "0",
      "SPidx": "null",
      "SPrec": "null",
      "SalesDate": "30-12-1899",
      "SalesReceipts": "0",
      "SecurityName": "SAST 2006-1 B2",
      "SecurityType": "0",
      "Seniority": "null",
      "SeqNo": "12",
      "Servicer": "null",
      "ServicerName": "0",
      "ServicerRatingMoodysNumeric": "null",
      "ServicerRatingSP": "null",
      "ServicerRatingSPNumeric": "null",
      "SpecifiedType": "null",
      "Spread": "1.8",
      "Spread ": "1.8",
      "TotalCapPercent": "null",
      "UpdatedBy": "4786c609-b9e2-4eb8-acb9-575af0aa6e51",
      "Year": "2023",
      "dealname": "SAST 2006-1",
      "warf": "0"
    },
    {
      "Calculatedamount": "0",
      "CouponType": "V",
      "CreditOpinion": "D",
      "Currency": "USD",
      "Cusip": "76110WQ90",
      "DataID": "4a9062b4-71d7-49e5-a33f-b21d9664a125",
      "Days": "Actual/360",
      "DealID": "orion 2006-1 ltd",
      "DerivedFitchRating": "0",
      "DerivedMoodysRating": "0",
      "DerivedSPRating": "0",
      "EstimatedAverageLife": "0",
      "FitchRating": "0",
      "FitchRatingSource": "0",
      "FitchRatingatIssuance": "null",
      "GlobalFitchRating": "0",
      "IndexType": "LIBOR",
      "InterestCollection": "460.04",
      "InterestRate": "6.8703",
      "InvestmentType": "null",
      "IsDefaulted": "true",
      "IsPIK": "null",
      "IssueDate": "",
      "IssuerDate": "",
      "MCORatingidx": "1000",
      "MCOhaircut": "null",
      "MCOhaircut ": "null",
      "MCOrec": "null",
      "Marketvalue": "null",
      "Maturity": "30-12-1899",
      "Month": "3",
      "MoodysRating": "0",
      "MoodysRatingSource": "0",
      "MoodysRatingatIssuance": "null",
      "MovedToBlockchain": "true",
      "Negamissued": "null",
      "PaymentFrequency": "1",
      "PrincipalBalance": "101011.57",
      "PrincipalCollection": "0",
      "RecoveryRateMoodys1": "null",
      "RecoveryRateMoodys1 ": "null",
      "SPIndustryName": "0",
      "SPIssuanceRating": "null",
      "SPIssuerRating": "null",
      "SPRating": "0",
      "SPRatingSource": "0",
      "SPRatingatIssuance": "null",
      "SPRatingidx": "1000",
      "SPhaircut": "0",
      "SPhaircut ": "0",
      "SPidx": "null",
      "SPrec": "null",
      "SalesDate": "30-12-1899",
      "SalesReceipts": "0",
      "SecurityName": "RASC 2005-EMX1 M5",
      "SecurityType": "0",
      "Seniority": "null",
      "SeqNo": "9",
      "Servicer": "null",
      "ServicerName": "0",
      "ServicerRatingMoodysNumeric": "null",
      "ServicerRatingSP": "null",
      "ServicerRatingSPNumeric": "null",
      "SpecifiedType": "null",
      "Spread": "2.03",
      "Spread ": "2.03",
      "TotalCapPercent": "null",
      "UpdatedBy": "4786c609-b9e2-4eb8-acb9-575af0aa6e51",
      "Year": "2023",
      "dealname": "RASC 2005-EMX1",
      "warf": "0"
    },
    {
      "Calculatedamount": "0",
      "CouponType": "V",
      "CreditOpinion": "D",
      "Currency": "USD",
      "Cusip": "80556UAN3",
      "DataID": "74601ef3-1424-42a9-8645-0e56779710b2",
      "Days": "Actual/360",
      "DealID": "orion 2006-1 ltd",
      "DerivedFitchRating": "0",
      "DerivedMoodysRating": "0",
      "DerivedSPRating": "0",
      "EstimatedAverageLife": "0",
      "FitchRating": "0",
      "FitchRatingSource": "0",
      "FitchRatingatIssuance": "null",
      "GlobalFitchRating": "0",
      "IndexType": "LIBOR",
      "InterestCollection": "6390.28",
      "InterestRate": "7.9953",
      "InvestmentType": "null",
      "IsDefaulted": "true",
      "IsPIK": "null",
      "IssueDate": "",
      "IssuerDate": "",
      "MCORatingidx": "1000",
      "MCOhaircut": "null",
      "MCOhaircut ": "null",
      "MCOrec": "null",
      "Marketvalue": "null",
      "Maturity": "30-12-1899",
      "Month": "3",
      "MoodysRating": "0",
      "MoodysRatingSource": "0",
      "MoodysRatingatIssuance": "null",
      "MovedToBlockchain": "true",
      "Negamissued": "null",
      "PaymentFrequency": "1",
      "PrincipalBalance": "5500000",
      "PrincipalCollection": "0",
      "RecoveryRateMoodys1": "null",
      "RecoveryRateMoodys1 ": "null",
      "SPIndustryName": "0",
      "SPIssuanceRating": "null",
      "SPIssuerRating": "null",
      "SPRating": "0",
      "SPRatingSource": "0",
      "SPRatingatIssuance": "null",
      "SPRatingidx": "1000",
      "SPhaircut": "0",
      "SPhaircut ": "0",
      "SPidx": "null",
      "SPrec": "null",
      "SalesDate": "30-12-1899",
      "SalesReceipts": "0",
      "SecurityName": "SAST 2006-1 B3",
      "SecurityType": "0",
      "Seniority": "null",
      "SeqNo": "13",
      "Servicer": "null",
      "ServicerName": "0",
      "ServicerRatingMoodysNumeric": "null",
      "ServicerRatingSP": "null",
      "ServicerRatingSPNumeric": "null",
      "SpecifiedType": "null",
      "Spread": "3.15",
      "Spread ": "3.15",
      "TotalCapPercent": "null",
      "UpdatedBy": "4786c609-b9e2-4eb8-acb9-575af0aa6e51",
      "Year": "2023",
      "dealname": "SAST 2006-1",
      "warf": "0"
    },
    {
      "Calculatedamount": "0",
      "CouponType": "V",
      "CreditOpinion": "D",
      "Currency": "USD",
      "Cusip": "1266737H9",
      "DataID": "74b3acd3-9fb6-44bf-ad11-6e99c8cba9cb",
      "Days": "Actual/360",
      "DealID": "orion 2006-1 ltd",
      "DerivedFitchRating": "0",
      "DerivedMoodysRating": "0",
      "DerivedSPRating": "0",
      "EstimatedAverageLife": "0",
      "FitchRating": "0",
      "FitchRatingSource": "0",
      "FitchRatingatIssuance": "null",
      "GlobalFitchRating": "0",
      "IndexType": "LIBOR",
      "InterestCollection": "10546.43",
      "InterestRate": "2.11",
      "InvestmentType": "null",
      "IsDefaulted": "true",
      "IsPIK": "null",
      "IssueDate": "",
      "IssuerDate": "",
      "MCORatingidx": "1000",
      "MCOhaircut": "null",
      "MCOhaircut ": "null",
      "MCOrec": "null",
      "Marketvalue": "null",
      "Maturity": "30-12-1899",
      "Month": "3",
      "MoodysRating": "0",
      "MoodysRatingSource": "0",
      "MoodysRatingatIssuance": "null",
      "MovedToBlockchain": "true",
      "Negamissued": "null",
      "PaymentFrequency": "1",
      "PrincipalBalance": "3676360.38",
      "PrincipalCollection": "0",
      "RecoveryRateMoodys1": "null",
      "RecoveryRateMoodys1 ": "null",
      "SPIndustryName": "0",
      "SPIssuanceRating": "null",
      "SPIssuerRating": "null",
      "SPRating": "0",
      "SPRatingSource": "0",
      "SPRatingatIssuance": "null",
      "SPRatingidx": "1000",
      "SPhaircut": "0",
      "SPhaircut ": "0",
      "SPidx": "null",
      "SPrec": "null",
      "SalesDate": "30-12-1899",
      "SalesReceipts": "0",
      "SecurityName": "CWL 2005-BC4 M9",
      "SecurityType": "0",
      "Seniority": "null",
      "SeqNo": "1",
      "Servicer": "null",
      "ServicerName": "0",
      "ServicerRatingMoodysNumeric": "null",
      "ServicerRatingSP": "null",
      "ServicerRatingSPNumeric": "null",
      "SpecifiedType": "null",
      "Spread": "2.11",
      "Spread ": "2.11",
      "TotalCapPercent": "null",
      "UpdatedBy": "4786c609-b9e2-4eb8-acb9-575af0aa6e51",
      "Year": "2023",
      "dealname": "CWL 2005-BC4",
      "warf": "0"
    },
    {
      "Calculatedamount": "0",
      "CouponType": "V",
      "CreditOpinion": "D",
      "Currency": "USD",
      "Cusip": "437084JW7",
      "DataID": "8183b507-ad52-4a9c-8e4c-82879a063452",
      "Days": "Actual/360",
      "DealID": "orion 2006-1 ltd",
      "DerivedFitchRating": "0",
      "DerivedMoodysRating": "0",
      "DerivedSPRating": "0",
      "EstimatedAverageLife": "0",
      "FitchRating": "0",
      "FitchRatingSource": "0",
      "FitchRatingatIssuance": "null",
      "GlobalFitchRating": "0",
      "IndexType": "LIBOR",
      "InterestCollection": "6565.37",
      "InterestRate": "6.6053",
      "InvestmentType": "null",
      "IsDefaulted": "true",
      "IsPIK": "null",
      "IssueDate": "",
      "IssuerDate": "",
      "MCORatingidx": "1000",
      "MCOhaircut": "null",
      "MCOhaircut ": "null",
      "MCOrec": "null",
      "Marketvalue": "null",
      "Maturity": "30-12-1899",
      "Month": "3",
      "MoodysRating": "0",
      "MoodysRatingSource": "0",
      "MoodysRatingatIssuance": "null",
      "MovedToBlockchain": "true",
      "Negamissued": "null",
      "PaymentFrequency": "1",
      "PrincipalBalance": "1716440.92",
      "PrincipalCollection": "0",
      "RecoveryRateMoodys1": "null",
      "RecoveryRateMoodys1 ": "null",
      "SPIndustryName": "0",
      "SPIssuanceRating": "null",
      "SPIssuerRating": "null",
      "SPRating": "0",
      "SPRatingSource": "0",
      "SPRatingatIssuance": "null",
      "SPRatingidx": "1000",
      "SPhaircut": "0",
      "SPhaircut ": "0",
      "SPidx": "null",
      "SPrec": "null",
      "SalesDate": "30-12-1899",
      "SalesReceipts": "0",
      "SecurityName": "HEAT 2005-2 B1",
      "SecurityType": "0",
      "Seniority": "null",
      "SeqNo": "5",
      "Servicer": "null",
      "ServicerName": "0",
      "ServicerRatingMoodysNumeric": "null",
      "ServicerRatingSP": "null",
      "ServicerRatingSPNumeric": "null",
      "SpecifiedType": "null",
      "Spread": "1.76",
      "Spread ": "1.76",
      "TotalCapPercent": "null",
      "UpdatedBy": "4786c609-b9e2-4eb8-acb9-575af0aa6e51",
      "Year": "2023",
      "dealname": "HEAT 2005-2",
      "warf": "0"
    },
    {
      "Calculatedamount": "0",
      "CouponType": "V",
      "CreditOpinion": "D",
      "Currency": "USD",
      "Cusip": "152314LU2",
      "DataID": "8b0bf6f3-30dc-4558-ac3f-22fdf1cde851",
      "Days": "Actual/360",
      "DealID": "orion 2006-1 ltd",
      "DerivedFitchRating": "0",
      "DerivedMoodysRating": "0",
      "DerivedSPRating": "0",
      "EstimatedAverageLife": "0",
      "FitchRating": "0",
      "FitchRatingSource": "0",
      "FitchRatingatIssuance": "null",
      "GlobalFitchRating": "0",
      "IndexType": "LIBOR",
      "InterestCollection": "1291.01",
      "InterestRate": "6.6453",
      "InvestmentType": "null",
      "IsDefaulted": "true",
      "IsPIK": "null",
      "IssueDate": "",
      "IssuerDate": "",
      "MCORatingidx": "1000",
      "MCOhaircut": "null",
      "MCOhaircut ": "null",
      "MCOrec": "null",
      "Marketvalue": "null",
      "Maturity": "30-12-1899",
      "Month": "3",
      "MoodysRating": "0",
      "MoodysRatingSource": "0",
      "MoodysRatingatIssuance": "null",
      "MovedToBlockchain": "true",
      "Negamissued": "null",
      "PaymentFrequency": "1",
      "PrincipalBalance": "313026.33",
      "PrincipalCollection": "0",
      "RecoveryRateMoodys1": "null",
      "RecoveryRateMoodys1 ": "null",
      "SPIndustryName": "0",
      "SPIssuanceRating": "null",
      "SPIssuerRating": "null",
      "SPRating": "0",
      "SPRatingSource": "0",
      "SPRatingatIssuance": "null",
      "SPRatingidx": "1000",
      "SPhaircut": "0",
      "SPhaircut ": "0",
      "SPidx": "null",
      "SPrec": "null",
      "SalesDate": "30-12-1899",
      "SalesReceipts": "0",
      "SecurityName": "CXHE 2004-D MV5",
      "SecurityType": "0",
      "Seniority": "null",
      "SeqNo": "3",
      "Servicer": "null",
      "ServicerName": "0",
      "ServicerRatingMoodysNumeric": "null",
      "ServicerRatingSP": "null",
      "ServicerRatingSPNumeric": "null",
      "SpecifiedType": "null",
      "Spread": "1.8",
      "Spread ": "1.8",
      "TotalCapPercent": "null",
      "UpdatedBy": "4786c609-b9e2-4eb8-acb9-575af0aa6e51",
      "Year": "2023",
      "dealname": "CXHE 2004-D",
      "warf": "0"
    },
    {
      "Calculatedamount": "0",
      "CouponType": "V",
      "CreditOpinion": "D",
      "Currency": "USD",
      "Cusip": "759950CH9",
      "DataID": "8baa5f1f-0582-419c-a7e7-a3657502c609",
      "Days": "Actual/360",
      "DealID": "orion 2006-1 ltd",
      "DerivedFitchRating": "0",
      "DerivedMoodysRating": "0",
      "DerivedSPRating": "0",
      "EstimatedAverageLife": "0",
      "FitchRating": "0",
      "FitchRatingSource": "0",
      "FitchRatingatIssuance": "null",
      "GlobalFitchRating": "0",
      "IndexType": "LIBOR",
      "InterestCollection": "2677.39",
      "InterestRate": "7.0203",
      "InvestmentType": "null",
      "IsDefaulted": "true",
      "IsPIK": "null",
      "IssueDate": "",
      "IssuerDate": "",
      "MCORatingidx": "1000",
      "MCOhaircut": "null",
      "MCOhaircut ": "null",
      "MCOrec": "null",
      "Marketvalue": "null",
      "Maturity": "30-12-1899",
      "Month": "3",
      "MoodysRating": "0",
      "MoodysRatingSource": "0",
      "MoodysRatingatIssuance": "null",
      "MovedToBlockchain": "true",
      "Negamissued": "null",
      "PaymentFrequency": "1",
      "PrincipalBalance": "1081145.82",
      "PrincipalCollection": "0",
      "RecoveryRateMoodys1": "null",
      "RecoveryRateMoodys1 ": "null",
      "SPIndustryName": "0",
      "SPIssuanceRating": "null",
      "SPIssuerRating": "null",
      "SPRating": "0",
      "SPRatingSource": "0",
      "SPRatingatIssuance": "null",
      "SPRatingidx": "1000",
      "SPhaircut": "0",
      "SPhaircut ": "0",
      "SPidx": "null",
      "SPrec": "null",
      "SalesDate": "30-12-1899",
      "SalesReceipts": "0",
      "SecurityName": "RAMC 2004 - 1 M3",
      "SecurityType": "0",
      "Seniority": "null",
      "SeqNo": "8",
      "Servicer": "null",
      "ServicerName": "0",
      "ServicerRatingMoodysNumeric": "null",
      "ServicerRatingSP": "null",
      "ServicerRatingSPNumeric": "null",
      "SpecifiedType": "null",
      "Spread": "2.18",
      "Spread ": "2.18",
      "TotalCapPercent": "null",
      "UpdatedBy": "4786c609-b9e2-4eb8-acb9-575af0aa6e51",
      "Year": "2023",
      "dealname": "RAMC 2004",
      "warf": "0"
    },
    {
      "Calculatedamount": "0",
      "CouponType": "V",
      "CreditOpinion": "D",
      "Currency": "USD",
      "Cusip": "805564TA9",
      "DataID": "a40c1922-ad28-48e7-af47-eb4c45aa4bad",
      "Days": "Actual/360",
      "DealID": "orion 2006-1 ltd",
      "DerivedFitchRating": "0",
      "DerivedMoodysRating": "0",
      "DerivedSPRating": "0",
      "EstimatedAverageLife": "0",
      "FitchRating": "0",
      "FitchRatingSource": "0",
      "FitchRatingatIssuance": "null",
      "GlobalFitchRating": "0",
      "IndexType": "LIBOR",
      "InterestCollection": "1108.91",
      "InterestRate": "1.5842",
      "InvestmentType": "null",
      "IsDefaulted": "true",
      "IsPIK": "null",
      "IssueDate": "",
      "IssuerDate": "",
      "MCORatingidx": "1000",
      "MCOhaircut": "null",
      "MCOhaircut ": "null",
      "MCOrec": "null",
      "Marketvalue": "null",
      "Maturity": "30-12-1899",
      "Month": "3",
      "MoodysRating": "0",
      "MoodysRatingSource": "0",
      "MoodysRatingatIssuance": "null",
      "MovedToBlockchain": "true",
      "Negamissued": "null",
      "PaymentFrequency": "1",
      "PrincipalBalance": "900000",
      "PrincipalCollection": "0",
      "RecoveryRateMoodys1": "null",
      "RecoveryRateMoodys1 ": "null",
      "SPIndustryName": "0",
      "SPIssuanceRating": "null",
      "SPIssuerRating": "null",
      "SPRating": "0",
      "SPRatingSource": "0",
      "SPRatingatIssuance": "null",
      "SPRatingidx": "1000",
      "SPhaircut": "0",
      "SPhaircut ": "0",
      "SPidx": "null",
      "SPrec": "null",
      "SalesDate": "30-12-1899",
      "SalesReceipts": "0",
      "SecurityName": "SAST 2005-3 B3",
      "SecurityType": "0",
      "Seniority": "null",
      "SeqNo": "10",
      "Servicer": "null",
      "ServicerName": "0",
      "ServicerRatingMoodysNumeric": "null",
      "ServicerRatingSP": "null",
      "ServicerRatingSPNumeric": "null",
      "SpecifiedType": "null",
      "Spread": "2.78",
      "Spread ": "2.78",
      "TotalCapPercent": "null",
      "UpdatedBy": "4786c609-b9e2-4eb8-acb9-575af0aa6e51",
      "Year": "2023",
      "dealname": "SAST 2005-3",
      "warf": "0"
    },
    {
      "Calculatedamount": "0",
      "CouponType": "V",
      "CreditOpinion": "D",
      "Currency": "USD",
      "Cusip": "64352VKG5",
      "DataID": "b993e269-4482-4764-bb7d-a0780c2f95a1",
      "Days": "Actual/360",
      "DealID": "orion 2006-1 ltd",
      "DerivedFitchRating": "0",
      "DerivedMoodysRating": "0",
      "DerivedSPRating": "0",
      "EstimatedAverageLife": "0",
      "FitchRating": "0",
      "FitchRatingSource": "0",
      "FitchRatingatIssuance": "null",
      "GlobalFitchRating": "0",
      "IndexType": "LIBOR",
      "InterestCollection": "353",
      "InterestRate": "6.8703",
      "InvestmentType": "null",
      "IsDefaulted": "true",
      "IsPIK": "null",
      "IssueDate": "",
      "IssuerDate": "",
      "MCORatingidx": "1000",
      "MCOhaircut": "null",
      "MCOhaircut ": "null",
      "MCOrec": "null",
      "Marketvalue": "null",
      "Maturity": "30-12-1899",
      "Month": "3",
      "MoodysRating": "0",
      "MoodysRatingSource": "0",
      "MoodysRatingatIssuance": "null",
      "MovedToBlockchain": "true",
      "Negamissued": "null",
      "PaymentFrequency": "1",
      "PrincipalBalance": "232450.79",
      "PrincipalCollection": "0",
      "RecoveryRateMoodys1": "null",
      "RecoveryRateMoodys1 ": "null",
      "SPIndustryName": "0",
      "SPIssuanceRating": "null",
      "SPIssuerRating": "null",
      "SPRating": "0",
      "SPRatingSource": "0",
      "SPRatingatIssuance": "null",
      "SPRatingidx": "1000",
      "SPhaircut": "0",
      "SPhaircut ": "0",
      "SPidx": "null",
      "SPrec": "null",
      "SalesDate": "30-12-1899",
      "SalesReceipts": "0",
      "SecurityName": "NCHET 2005-1 M7",
      "SecurityType": "0",
      "Seniority": "null",
      "SeqNo": "7",
      "Servicer": "null",
      "ServicerName": "0",
      "ServicerRatingMoodysNumeric": "null",
      "ServicerRatingSP": "null",
      "ServicerRatingSPNumeric": "null",
      "SpecifiedType": "null",
      "Spread": "2.03",
      "Spread ": "2.03",
      "TotalCapPercent": "null",
      "UpdatedBy": "4786c609-b9e2-4eb8-acb9-575af0aa6e51",
      "Year": "2023",
      "dealname": "NCHET 2005-1",
      "warf": "0"
    },
    {
      "Calculatedamount": "0",
      "CouponType": "V",
      "CreditOpinion": "D",
      "Currency": "USD",
      "Cusip": "15231AAJ5",
      "DataID": "bf9809a1-0504-408d-a8cd-735444332fed",
      "Days": "Actual/360",
      "DealID": "orion 2006-1 ltd",
      "DerivedFitchRating": "0",
      "DerivedMoodysRating": "0",
      "DerivedSPRating": "0",
      "EstimatedAverageLife": "0",
      "FitchRating": "0",
      "FitchRatingSource": "0",
      "FitchRatingatIssuance": "null",
      "GlobalFitchRating": "0",
      "IndexType": "LIBOR",
      "InterestCollection": "2892.15",
      "InterestRate": "5.4153",
      "InvestmentType": "null",
      "IsDefaulted": "true",
      "IsPIK": "null",
      "IssueDate": "",
      "IssuerDate": "",
      "MCORatingidx": "1000",
      "MCOhaircut": "null",
      "MCOhaircut ": "null",
      "MCOrec": "null",
      "Marketvalue": "null",
      "Maturity": "30-12-1899",
      "Month": "3",
      "MoodysRating": "0",
      "MoodysRatingSource": "0",
      "MoodysRatingatIssuance": "null",
      "MovedToBlockchain": "true",
      "Negamissued": "null",
      "PaymentFrequency": "1",
      "PrincipalBalance": "809424.54",
      "PrincipalCollection": "0",
      "RecoveryRateMoodys1": "null",
      "RecoveryRateMoodys1 ": "null",
      "SPIndustryName": "0",
      "SPIssuanceRating": "null",
      "SPIssuerRating": "null",
      "SPRating": "0",
      "SPRatingSource": "0",
      "SPRatingatIssuance": "null",
      "SPRatingidx": "1000",
      "SPhaircut": "0",
      "SPhaircut ": "0",
      "SPidx": "null",
      "SPrec": "null",
      "SalesDate": "30-12-1899",
      "SalesReceipts": "0",
      "SecurityName": "CXHE 2006-A M5",
      "SecurityType": "0",
      "Seniority": "null",
      "SeqNo": "4",
      "Servicer": "null",
      "ServicerName": "0",
      "ServicerRatingMoodysNumeric": "null",
      "ServicerRatingSP": "null",
      "ServicerRatingSPNumeric": "null",
      "SpecifiedType": "null",
      "Spread": "0.57",
      "Spread ": "0.57",
      "TotalCapPercent": "null",
      "UpdatedBy": "4786c609-b9e2-4eb8-acb9-575af0aa6e51",
      "Year": "2023",
      "dealname": "CXHE 2006-A",
      "warf": "0"
    },
    {
      "Calculatedamount": "0",
      "CouponType": "V",
      "CreditOpinion": "D",
      "Currency": "USD",
      "Cusip": "152314JE1",
      "DataID": "c77459c8-eb02-4ae8-8008-62bb8f7cce1c",
      "Days": "Actual/360",
      "DealID": "orion 2006-1 ltd",
      "DerivedFitchRating": "0",
      "DerivedMoodysRating": "0",
      "DerivedSPRating": "0",
      "EstimatedAverageLife": "0",
      "FitchRating": "0",
      "FitchRatingSource": "0",
      "FitchRatingatIssuance": "null",
      "GlobalFitchRating": "0",
      "IndexType": "LIBOR",
      "InterestCollection": "339.21",
      "InterestRate": "5.8953",
      "InvestmentType": "null",
      "IsDefaulted": "true",
      "IsPIK": "null",
      "IssueDate": "",
      "IssuerDate": "",
      "MCORatingidx": "1000",
      "MCOhaircut": "null",
      "MCOhaircut ": "null",
      "MCOrec": "null",
      "Marketvalue": "null",
      "Maturity": "30-12-1899",
      "Month": "3",
      "MoodysRating": "0",
      "MoodysRatingSource": "0",
      "MoodysRatingatIssuance": "null",
      "MovedToBlockchain": "true",
      "Negamissued": "null",
      "PaymentFrequency": "1",
      "PrincipalBalance": "80814.87",
      "PrincipalCollection": "0",
      "RecoveryRateMoodys1": "null",
      "RecoveryRateMoodys1 ": "null",
      "SPIndustryName": "0",
      "SPIssuanceRating": "null",
      "SPIssuerRating": "null",
      "SPRating": "0",
      "SPRatingSource": "0",
      "SPRatingatIssuance": "null",
      "SPRatingidx": "1000",
      "SPhaircut": "0",
      "SPhaircut ": "0",
      "SPidx": "null",
      "SPrec": "null",
      "SalesDate": "30-12-1899",
      "SalesReceipts": "0",
      "SecurityName": "CXHE 2004-A M2",
      "SecurityType": "0",
      "Seniority": "null",
      "SeqNo": "2",
      "Servicer": "null",
      "ServicerName": "0",
      "ServicerRatingMoodysNumeric": "null",
      "ServicerRatingSP": "null",
      "ServicerRatingSPNumeric": "null",
      "SpecifiedType": "null",
      "Spread": "1.05",
      "Spread ": "1.05",
      "TotalCapPercent": "null",
      "UpdatedBy": "4786c609-b9e2-4eb8-acb9-575af0aa6e51",
      "Year": "2023",
      "dealname": "CXHE 2004-A",
      "warf": "0"
    },
    {
      "Calculatedamount": "0",
      "CouponType": "V",
      "CreditOpinion": "0",
      "Currency": "USD",
      "Cusip": "CMVC6114",
      "DataID": "d623c9c8-fd1d-4e06-a245-d258bad2410d",
      "Days": "Actual/360",
      "DealID": "orion 2006-1 ltd",
      "DerivedFitchRating": "0",
      "DerivedMoodysRating": "0",
      "DerivedSPRating": "0",
      "EstimatedAverageLife": "0",
      "FitchRating": "0",
      "FitchRatingSource": "0",
      "FitchRatingatIssuance": "null",
      "GlobalFitchRating": "0",
      "IndexType": "LIBOR",
      "InterestCollection": "15155.02",
      "InterestRate": "7.01",
      "InvestmentType": "null",
      "IsDefaulted": "false",
      "IsPIK": "null",
      "IssueDate": "",
      "IssuerDate": "",
      "MCORatingidx": "1000",
      "MCOhaircut": "null",
      "MCOhaircut ": "null",
      "MCOrec": "null",
      "Marketvalue": "null",
      "Maturity": "30-12-1899",
      "Month": "3",
      "MoodysRating": "0",
      "MoodysRatingSource": "0",
      "MoodysRatingatIssuance": "null",
      "MovedToBlockchain": "true",
      "Negamissued": "null",
      "PaymentFrequency": "1",
      "PrincipalBalance": "7583827.6",
      "PrincipalCollection": "0",
      "RecoveryRateMoodys1": "null",
      "RecoveryRateMoodys1 ": "null",
      "SPIndustryName": "0",
      "SPIssuanceRating": "null",
      "SPIssuerRating": "null",
      "SPRating": "0",
      "SPRatingSource": "0",
      "SPRatingatIssuance": "null",
      "SPRatingidx": "1000",
      "SPhaircut": "0",
      "SPhaircut ": "0",
      "SPidx": "null",
      "SPrec": "null",
      "SalesDate": "30-12-1899",
      "SalesReceipts": "0",
      "SecurityName": "MABS 2005-WF1 M9 Synthetic Security",
      "SecurityType": "0",
      "Seniority": "null",
      "SeqNo": "6",
      "Servicer": "null",
      "ServicerName": "0",
      "ServicerRatingMoodysNumeric": "null",
      "ServicerRatingSP": "null",
      "ServicerRatingSPNumeric": "null",
      "SpecifiedType": "null",
      "Spread": "2.2",
      "Spread ": "2.2",
      "TotalCapPercent": "null",
      "UpdatedBy": "4786c609-b9e2-4eb8-acb9-575af0aa6e51",
      "Year": "2023",
      "dealname": "MABS 2005-WF1",
      "warf": "0"
    },
    {
      "Calculatedamount": "0",
      "CouponType": "V",
      "CreditOpinion": "D",
      "Currency": "USD",
      "Cusip": "80556UAL7",
      "DataID": "da6a5778-f372-4776-906c-8ba98fb2cf21",
      "Days": "Actual/360",
      "DealID": "orion 2006-1 ltd",
      "DerivedFitchRating": "0",
      "DerivedMoodysRating": "0",
      "DerivedSPRating": "0",
      "EstimatedAverageLife": "0",
      "FitchRating": "0",
      "FitchRatingSource": "0",
      "FitchRatingatIssuance": "null",
      "GlobalFitchRating": "0",
      "IndexType": "LIBOR",
      "InterestCollection": "4066.56",
      "InterestRate": "6.3453",
      "InvestmentType": "null",
      "IsDefaulted": "true",
      "IsPIK": "null",
      "IssueDate": "",
      "IssuerDate": "",
      "MCORatingidx": "1000",
      "MCOhaircut": "null",
      "MCOhaircut ": "null",
      "MCOrec": "null",
      "Marketvalue": "null",
      "Maturity": "30-12-1899",
      "Month": "3",
      "MoodysRating": "0",
      "MoodysRatingSource": "0",
      "MoodysRatingatIssuance": "null",
      "MovedToBlockchain": "true",
      "Negamissued": "null",
      "PaymentFrequency": "1",
      "PrincipalBalance": "3500000",
      "PrincipalCollection": "0",
      "RecoveryRateMoodys1": "null",
      "RecoveryRateMoodys1 ": "null",
      "SPIndustryName": "0",
      "SPIssuanceRating": "null",
      "SPIssuerRating": "null",
      "SPRating": "0",
      "SPRatingSource": "0",
      "SPRatingatIssuance": "null",
      "SPRatingidx": "1000",
      "SPhaircut": "0",
      "SPhaircut ": "0",
      "SPidx": "null",
      "SPrec": "null",
      "SalesDate": "30-12-1899",
      "SalesReceipts": "0",
      "SecurityName": "SAST 2006-1 B1",
      "SecurityType": "0",
      "Seniority": "null",
      "SeqNo": "11",
      "Servicer": "null",
      "ServicerName": "0",
      "ServicerRatingMoodysNumeric": "null",
      "ServicerRatingSP": "null",
      "ServicerRatingSPNumeric": "null",
      "SpecifiedType": "null",
      "Spread": "1.5",
      "Spread ": "1.5",
      "TotalCapPercent": "null",
      "UpdatedBy": "4786c609-b9e2-4eb8-acb9-575af0aa6e51",
      "Year": "2023",
      "dealname": "SAST 2006-1",
      "warf": "0"
    }
  ]
},{
  "_id": {
    "$oid": "66606dcfec588638ef63b323"
  },
  "DealName": "ORION 2006-1 LTD",
  "Month": "5",
  "Year": "2023",
  "Data": [
    {
      "Calculatedamount": "null",
      "CouponType": "V",
      "CreditOpinion": "D",
      "Currency": "USD",
      "Cusip": "80556UAN3",
      "DataID": "1274b5ed-8abd-451d-9526-b7a4570ebc97",
      "Days": "Actual/360",
      "DealID": "orion 2006-1 ltd",
      "DerivedFitchRating": "0",
      "DerivedMoodysRating": "0",
      "DerivedSPRating": "0",
      "EstimatedAverageLife": "0",
      "FitchRating": "0",
      "FitchRatingSource": "0",
      "FitchRatingatIssuance": "null",
      "GlobalFitchRating": "0",
      "IndexType": "LIBOR",
      "InterestCollection": "6399.93",
      "InterestRate": "8.288",
      "InvestmentType": "null",
      "IsDefaulted": "true",
      "IsPIK": "null",
      "IssueDate": "",
      "IssuerDate": "",
      "MCORatingidx": "1000",
      "MCOhaircut": "null",
      "MCOhaircut ": "null",
      "MCOrec": "null",
      "Marketvalue": "null",
      "Maturity": "30-12-1899",
      "Month": "5",
      "MoodysRating": "0",
      "MoodysRatingSource": "0",
      "MoodysRatingatIssuance": "null",
      "MovedToBlockchain": "true",
      "Negamissued": "null",
      "PaymentFrequency": "1",
      "PrincipalBalance": "5500000",
      "PrincipalCollection": "0",
      "RecoveryRateMoodys1": "null",
      "RecoveryRateMoodys1 ": "null",
      "SPIndustryName": "0",
      "SPIssuanceRating": "null",
      "SPIssuerRating": "null",
      "SPRating": "0",
      "SPRatingSource": "0",
      "SPRatingatIssuance": "null",
      "SPRatingidx": "1000",
      "SPhaircut": "0",
      "SPhaircut ": "0",
      "SPidx": "null",
      "SPrec": "null",
      "SalesDate": "30-12-1899",
      "SalesReceipts": "0",
      "SecurityName": "SAST 2006-1 B3",
      "SecurityType": "0",
      "Seniority": "null",
      "SeqNo": "13",
      "Servicer": "null",
      "ServicerName": "0",
      "ServicerRatingMoodysNumeric": "null",
      "ServicerRatingSP": "null",
      "ServicerRatingSPNumeric": "null",
      "SpecifiedType": "null",
      "Spread": "3.15",
      "Spread ": "3.15",
      "TotalCapPercent": "null",
      "UpdatedBy": "4786c609-b9e2-4eb8-acb9-575af0aa6e51",
      "Year": "2023",
      "dealname": "SAST 2006-1",
      "warf": "0"
    },
    {
      "Calculatedamount": "null",
      "CouponType": "V",
      "CreditOpinion": "D",
      "Currency": "USD",
      "Cusip": "80556UAM5",
      "DataID": "63db4fc0-a7e9-4ba9-bbb1-99e2a0dfea0a",
      "Days": "Actual/360",
      "DealID": "orion 2006-1 ltd",
      "DerivedFitchRating": "0",
      "DerivedMoodysRating": "0",
      "DerivedSPRating": "0",
      "EstimatedAverageLife": "0",
      "FitchRating": "0",
      "FitchRatingSource": "0",
      "FitchRatingatIssuance": "null",
      "GlobalFitchRating": "0",
      "IndexType": "LIBOR",
      "InterestCollection": "2909.06",
      "InterestRate": "6.938",
      "InvestmentType": "null",
      "IsDefaulted": "true",
      "IsPIK": "null",
      "IssueDate": "",
      "IssuerDate": "",
      "MCORatingidx": "1000",
      "MCOhaircut": "null",
      "MCOhaircut ": "null",
      "MCOrec": "null",
      "Marketvalue": "null",
      "Maturity": "30-12-1899",
      "Month": "5",
      "MoodysRating": "0",
      "MoodysRatingSource": "0",
      "MoodysRatingatIssuance": "null",
      "MovedToBlockchain": "true",
      "Negamissued": "null",
      "PaymentFrequency": "1",
      "PrincipalBalance": "2500000",
      "PrincipalCollection": "0",
      "RecoveryRateMoodys1": "null",
      "RecoveryRateMoodys1 ": "null",
      "SPIndustryName": "0",
      "SPIssuanceRating": "null",
      "SPIssuerRating": "null",
      "SPRating": "0",
      "SPRatingSource": "0",
      "SPRatingatIssuance": "null",
      "SPRatingidx": "1000",
      "SPhaircut": "0",
      "SPhaircut ": "0",
      "SPidx": "null",
      "SPrec": "null",
      "SalesDate": "30-12-1899",
      "SalesReceipts": "0",
      "SecurityName": "SAST 2006-1 B2",
      "SecurityType": "0",
      "Seniority": "null",
      "SeqNo": "11",
      "Servicer": "null",
      "ServicerName": "0",
      "ServicerRatingMoodysNumeric": "null",
      "ServicerRatingSP": "null",
      "ServicerRatingSPNumeric": "null",
      "SpecifiedType": "null",
      "Spread": "1.8",
      "Spread ": "1.8",
      "TotalCapPercent": "null",
      "UpdatedBy": "4786c609-b9e2-4eb8-acb9-575af0aa6e51",
      "Year": "2023",
      "dealname": "SAST 2006-1",
      "warf": "0"
    },
    {
      "Calculatedamount": "null",
      "CouponType": "V",
      "CreditOpinion": "D",
      "Currency": "USD",
      "Cusip": "80556UAN3",
      "DataID": "7f3e1e41-2dc4-492f-bda9-126db8be668a",
      "Days": "Actual/360",
      "DealID": "orion 2006-1 ltd",
      "DerivedFitchRating": "0",
      "DerivedMoodysRating": "0",
      "DerivedSPRating": "0",
      "EstimatedAverageLife": "0",
      "FitchRating": "0",
      "FitchRatingSource": "0",
      "FitchRatingatIssuance": "null",
      "GlobalFitchRating": "0",
      "IndexType": "LIBOR",
      "InterestCollection": "6399.93",
      "InterestRate": "8.288",
      "InvestmentType": "null",
      "IsDefaulted": "true",
      "IsPIK": "null",
      "IssueDate": "",
      "IssuerDate": "",
      "MCORatingidx": "1000",
      "MCOhaircut": "null",
      "MCOhaircut ": "null",
      "MCOrec": "null",
      "Marketvalue": "null",
      "Maturity": "30-12-1899",
      "Month": "5",
      "MoodysRating": "0",
      "MoodysRatingSource": "0",
      "MoodysRatingatIssuance": "null",
      "MovedToBlockchain": "true",
      "Negamissued": "null",
      "PaymentFrequency": "1",
      "PrincipalBalance": "5500000",
      "PrincipalCollection": "0",
      "RecoveryRateMoodys1": "null",
      "RecoveryRateMoodys1 ": "null",
      "SPIndustryName": "0",
      "SPIssuanceRating": "null",
      "SPIssuerRating": "null",
      "SPRating": "0",
      "SPRatingSource": "0",
      "SPRatingatIssuance": "null",
      "SPRatingidx": "1000",
      "SPhaircut": "0",
      "SPhaircut ": "0",
      "SPidx": "null",
      "SPrec": "null",
      "SalesDate": "30-12-1899",
      "SalesReceipts": "0",
      "SecurityName": "SAST 2006-1 B3",
      "SecurityType": "0",
      "Seniority": "null",
      "SeqNo": "12",
      "Servicer": "null",
      "ServicerName": "0",
      "ServicerRatingMoodysNumeric": "null",
      "ServicerRatingSP": "null",
      "ServicerRatingSPNumeric": "null",
      "SpecifiedType": "null",
      "Spread": "3.15",
      "Spread ": "3.15",
      "TotalCapPercent": "null",
      "UpdatedBy": "4786c609-b9e2-4eb8-acb9-575af0aa6e51",
      "Year": "2023",
      "dealname": "SAST 2006-1",
      "warf": "0"
    },
    {
      "Calculatedamount": "null",
      "CouponType": "V",
      "CreditOpinion": "0",
      "Currency": "USD",
      "Cusip": "CMVC6114",
      "DataID": "82431d8d-3bc8-4270-b82e-5705c9a69fd1",
      "Days": "Actual/360",
      "DealID": "orion 2006-1 ltd",
      "DerivedFitchRating": "0",
      "DerivedMoodysRating": "0",
      "DerivedSPRating": "0",
      "EstimatedAverageLife": "0",
      "FitchRating": "0",
      "FitchRatingSource": "0",
      "FitchRatingatIssuance": "null",
      "GlobalFitchRating": "0",
      "IndexType": "LIBOR",
      "InterestCollection": "0",
      "InterestRate": "0",
      "InvestmentType": "null",
      "IsDefaulted": "false",
      "IsPIK": "null",
      "IssueDate": "",
      "IssuerDate": "",
      "MCORatingidx": "1000",
      "MCOhaircut": "null",
      "MCOhaircut ": "null",
      "MCOrec": "null",
      "Marketvalue": "null",
      "Maturity": "30-12-1899",
      "Month": "5",
      "MoodysRating": "0",
      "MoodysRatingSource": "0",
      "MoodysRatingatIssuance": "null",
      "MovedToBlockchain": "true",
      "Negamissued": "null",
      "PaymentFrequency": "1",
      "PrincipalBalance": "7583827.6",
      "PrincipalCollection": "0",
      "RecoveryRateMoodys1": "null",
      "RecoveryRateMoodys1 ": "null",
      "SPIndustryName": "0",
      "SPIssuanceRating": "null",
      "SPIssuerRating": "null",
      "SPRating": "0",
      "SPRatingSource": "0",
      "SPRatingatIssuance": "null",
      "SPRatingidx": "1000",
      "SPhaircut": "0",
      "SPhaircut ": "0",
      "SPidx": "null",
      "SPrec": "null",
      "SalesDate": "30-12-1899",
      "SalesReceipts": "0",
      "SecurityName": "MABS 2005-WF1 M9 Synthetic Security",
      "SecurityType": "0",
      "Seniority": "null",
      "SeqNo": "6",
      "Servicer": "null",
      "ServicerName": "0",
      "ServicerRatingMoodysNumeric": "null",
      "ServicerRatingSP": "null",
      "ServicerRatingSPNumeric": "null",
      "SpecifiedType": "null",
      "Spread": "2.2",
      "Spread ": "2.2",
      "TotalCapPercent": "null",
      "UpdatedBy": "4786c609-b9e2-4eb8-acb9-575af0aa6e51",
      "Year": "2023",
      "dealname": "MABS 2005-WF1",
      "warf": "0"
    },
    {
      "Calculatedamount": "null",
      "CouponType": "V",
      "CreditOpinion": "D",
      "Currency": "USD",
      "Cusip": "805564TA9",
      "DataID": "84b72fea-d14f-4dc7-96b4-81762ba9c353",
      "Days": "Actual/360",
      "DealID": "orion 2006-1 ltd",
      "DerivedFitchRating": "0",
      "DerivedMoodysRating": "0",
      "DerivedSPRating": "0",
      "EstimatedAverageLife": "0",
      "FitchRating": "0",
      "FitchRatingSource": "0",
      "FitchRatingatIssuance": "null",
      "GlobalFitchRating": "0",
      "IndexType": "LIBOR",
      "InterestCollection": "1305.99",
      "InterestRate": "7.917999999999999",
      "InvestmentType": "null",
      "IsDefaulted": "true",
      "IsPIK": "null",
      "IssueDate": "",
      "IssuerDate": "",
      "MCORatingidx": "1000",
      "MCOhaircut": "null",
      "MCOhaircut ": "null",
      "MCOrec": "null",
      "Marketvalue": "null",
      "Maturity": "30-12-1899",
      "Month": "5",
      "MoodysRating": "0",
      "MoodysRatingSource": "0",
      "MoodysRatingatIssuance": "null",
      "MovedToBlockchain": "true",
      "Negamissued": "null",
      "PaymentFrequency": "1",
      "PrincipalBalance": "900000",
      "PrincipalCollection": "0",
      "RecoveryRateMoodys1": "null",
      "RecoveryRateMoodys1 ": "null",
      "SPIndustryName": "0",
      "SPIssuanceRating": "null",
      "SPIssuerRating": "null",
      "SPRating": "0",
      "SPRatingSource": "0",
      "SPRatingatIssuance": "null",
      "SPRatingidx": "1000",
      "SPhaircut": "0",
      "SPhaircut ": "0",
      "SPidx": "null",
      "SPrec": "null",
      "SalesDate": "30-12-1899",
      "SalesReceipts": "0",
      "SecurityName": "SAST 2005-3 B3",
      "SecurityType": "0",
      "Seniority": "null",
      "SeqNo": "9",
      "Servicer": "null",
      "ServicerName": "0",
      "ServicerRatingMoodysNumeric": "null",
      "ServicerRatingSP": "null",
      "ServicerRatingSPNumeric": "null",
      "SpecifiedType": "null",
      "Spread": "2.78",
      "Spread ": "2.78",
      "TotalCapPercent": "null",
      "UpdatedBy": "4786c609-b9e2-4eb8-acb9-575af0aa6e51",
      "Year": "2023",
      "dealname": "SAST 2005-3",
      "warf": "0"
    },
    {
      "Calculatedamount": "null",
      "CouponType": "V",
      "CreditOpinion": "D",
      "Currency": "USD",
      "Cusip": "152314LU2",
      "DataID": "88452e26-79b6-4986-9a65-3de781e30431",
      "Days": "Actual/360",
      "DealID": "orion 2006-1 ltd",
      "DerivedFitchRating": "0",
      "DerivedMoodysRating": "0",
      "DerivedSPRating": "0",
      "EstimatedAverageLife": "0",
      "FitchRating": "0",
      "FitchRatingSource": "0",
      "FitchRatingatIssuance": "null",
      "GlobalFitchRating": "0",
      "IndexType": "LIBOR",
      "InterestCollection": "1267.7",
      "InterestRate": "6.938",
      "InvestmentType": "null",
      "IsDefaulted": "true",
      "IsPIK": "null",
      "IssueDate": "",
      "IssuerDate": "",
      "MCORatingidx": "1000",
      "MCOhaircut": "null",
      "MCOhaircut ": "null",
      "MCOrec": "null",
      "Marketvalue": "null",
      "Maturity": "30-12-1899",
      "Month": "5",
      "MoodysRating": "0",
      "MoodysRatingSource": "0",
      "MoodysRatingatIssuance": "null",
      "MovedToBlockchain": "true",
      "Negamissued": "null",
      "PaymentFrequency": "1",
      "PrincipalBalance": "313026.33",
      "PrincipalCollection": "0",
      "RecoveryRateMoodys1": "null",
      "RecoveryRateMoodys1 ": "null",
      "SPIndustryName": "0",
      "SPIssuanceRating": "null",
      "SPIssuerRating": "null",
      "SPRating": "0",
      "SPRatingSource": "0",
      "SPRatingatIssuance": "null",
      "SPRatingidx": "1000",
      "SPhaircut": "0",
      "SPhaircut ": "0",
      "SPidx": "null",
      "SPrec": "null",
      "SalesDate": "30-12-1899",
      "SalesReceipts": "0",
      "SecurityName": "CXHE 2004-D MV5",
      "SecurityType": "0",
      "Seniority": "null",
      "SeqNo": "3",
      "Servicer": "null",
      "ServicerName": "0",
      "ServicerRatingMoodysNumeric": "null",
      "ServicerRatingSP": "null",
      "ServicerRatingSPNumeric": "null",
      "SpecifiedType": "null",
      "Spread": "1.8",
      "Spread ": "1.8",
      "TotalCapPercent": "null",
      "UpdatedBy": "4786c609-b9e2-4eb8-acb9-575af0aa6e51",
      "Year": "2023",
      "dealname": "CXHE 2004-D",
      "warf": "0"
    },
    {
      "Calculatedamount": "null",
      "CouponType": "V",
      "CreditOpinion": "D",
      "Currency": "USD",
      "Cusip": "1266737H9",
      "DataID": "98bd3e6b-dd17-4c6c-9d82-1f4cf37b49ff",
      "Days": "Actual/360",
      "DealID": "orion 2006-1 ltd",
      "DerivedFitchRating": "0",
      "DerivedMoodysRating": "0",
      "DerivedSPRating": "0",
      "EstimatedAverageLife": "0",
      "FitchRating": "0",
      "FitchRatingSource": "0",
      "FitchRatingatIssuance": "null",
      "GlobalFitchRating": "0",
      "IndexType": "LIBOR",
      "InterestCollection": "10446.93",
      "InterestRate": "7.247999999999999",
      "InvestmentType": "null",
      "IsDefaulted": "true",
      "IsPIK": "null",
      "IssueDate": "",
      "IssuerDate": "",
      "MCORatingidx": "1000",
      "MCOhaircut": "null",
      "MCOhaircut ": "null",
      "MCOrec": "null",
      "Marketvalue": "null",
      "Maturity": "30-12-1899",
      "Month": "5",
      "MoodysRating": "0",
      "MoodysRatingSource": "0",
      "MoodysRatingatIssuance": "null",
      "MovedToBlockchain": "true",
      "Negamissued": "null",
      "PaymentFrequency": "1",
      "PrincipalBalance": "3687130.84",
      "PrincipalCollection": "0",
      "RecoveryRateMoodys1": "null",
      "RecoveryRateMoodys1 ": "null",
      "SPIndustryName": "0",
      "SPIssuanceRating": "null",
      "SPIssuerRating": "null",
      "SPRating": "0",
      "SPRatingSource": "0",
      "SPRatingatIssuance": "null",
      "SPRatingidx": "1000",
      "SPhaircut": "0",
      "SPhaircut ": "0",
      "SPidx": "null",
      "SPrec": "null",
      "SalesDate": "30-12-1899",
      "SalesReceipts": "0",
      "SecurityName": "CWL 2005-BC4 M9",
      "SecurityType": "0",
      "Seniority": "null",
      "SeqNo": "1",
      "Servicer": "null",
      "ServicerName": "0",
      "ServicerRatingMoodysNumeric": "null",
      "ServicerRatingSP": "null",
      "ServicerRatingSPNumeric": "null",
      "SpecifiedType": "null",
      "Spread": "2.11",
      "Spread ": "2.11",
      "TotalCapPercent": "null",
      "UpdatedBy": "4786c609-b9e2-4eb8-acb9-575af0aa6e51",
      "Year": "2023",
      "dealname": "CWL 2005-BC4",
      "warf": "0"
    },
    {
      "Calculatedamount": "null",
      "CouponType": "V",
      "CreditOpinion": "D",
      "Currency": "USD",
      "Cusip": "759950CH9",
      "DataID": "a0289a50-873d-4387-926e-a3a706ff1224",
      "Days": "Actual/360",
      "DealID": "orion 2006-1 ltd",
      "DerivedFitchRating": "0",
      "DerivedMoodysRating": "0",
      "DerivedSPRating": "0",
      "EstimatedAverageLife": "0",
      "FitchRating": "0",
      "FitchRatingSource": "0",
      "FitchRatingatIssuance": "null",
      "GlobalFitchRating": "0",
      "IndexType": "LIBOR",
      "InterestCollection": "2647.46",
      "InterestRate": "7.318",
      "InvestmentType": "null",
      "IsDefaulted": "true",
      "IsPIK": "null",
      "IssueDate": "",
      "IssuerDate": "",
      "MCORatingidx": "1000",
      "MCOhaircut": "null",
      "MCOhaircut ": "null",
      "MCOrec": "null",
      "Marketvalue": "null",
      "Maturity": "30-12-1899",
      "Month": "5",
      "MoodysRating": "0",
      "MoodysRatingSource": "0",
      "MoodysRatingatIssuance": "null",
      "MovedToBlockchain": "true",
      "Negamissued": "null",
      "PaymentFrequency": "1",
      "PrincipalBalance": "1081145.82",
      "PrincipalCollection": "0",
      "RecoveryRateMoodys1": "null",
      "RecoveryRateMoodys1 ": "null",
      "SPIndustryName": "0",
      "SPIssuanceRating": "null",
      "SPIssuerRating": "null",
      "SPRating": "0",
      "SPRatingSource": "0",
      "SPRatingatIssuance": "null",
      "SPRatingidx": "1000",
      "SPhaircut": "0",
      "SPhaircut ": "0",
      "SPidx": "null",
      "SPrec": "null",
      "SalesDate": "30-12-1899",
      "SalesReceipts": "0",
      "SecurityName": "RAMC 2004 - 1 M3",
      "SecurityType": "0",
      "Seniority": "null",
      "SeqNo": "7",
      "Servicer": "null",
      "ServicerName": "0",
      "ServicerRatingMoodysNumeric": "null",
      "ServicerRatingSP": "null",
      "ServicerRatingSPNumeric": "null",
      "SpecifiedType": "null",
      "Spread": "2.18",
      "Spread ": "2.18",
      "TotalCapPercent": "null",
      "UpdatedBy": "4786c609-b9e2-4eb8-acb9-575af0aa6e51",
      "Year": "2023",
      "dealname": "RAMC 2004",
      "warf": "0"
    },
    {
      "Calculatedamount": "null",
      "CouponType": "V",
      "CreditOpinion": "D",
      "Currency": "USD",
      "Cusip": "437084JW7",
      "DataID": "ae2370ba-3935-4142-9123-e090eb611b70",
      "Days": "Actual/360",
      "DealID": "orion 2006-1 ltd",
      "DerivedFitchRating": "0",
      "DerivedMoodysRating": "0",
      "DerivedSPRating": "0",
      "EstimatedAverageLife": "0",
      "FitchRating": "0",
      "FitchRatingSource": "0",
      "FitchRatingatIssuance": "null",
      "GlobalFitchRating": "0",
      "IndexType": "LIBOR",
      "InterestCollection": "6442.26",
      "InterestRate": "6.898",
      "InvestmentType": "null",
      "IsDefaulted": "true",
      "IsPIK": "null",
      "IssueDate": "",
      "IssuerDate": "",
      "MCORatingidx": "1000",
      "MCOhaircut": "null",
      "MCOhaircut ": "null",
      "MCOrec": "null",
      "Marketvalue": "null",
      "Maturity": "30-12-1899",
      "Month": "5",
      "MoodysRating": "0",
      "MoodysRatingSource": "0",
      "MoodysRatingatIssuance": "null",
      "MovedToBlockchain": "true",
      "Negamissued": "null",
      "PaymentFrequency": "1",
      "PrincipalBalance": "1716440.92",
      "PrincipalCollection": "0",
      "RecoveryRateMoodys1": "null",
      "RecoveryRateMoodys1 ": "null",
      "SPIndustryName": "0",
      "SPIssuanceRating": "null",
      "SPIssuerRating": "null",
      "SPRating": "0",
      "SPRatingSource": "0",
      "SPRatingatIssuance": "null",
      "SPRatingidx": "1000",
      "SPhaircut": "0",
      "SPhaircut ": "0",
      "SPidx": "null",
      "SPrec": "null",
      "SalesDate": "30-12-1899",
      "SalesReceipts": "0",
      "SecurityName": "HEAT 2005-2 B1",
      "SecurityType": "0",
      "Seniority": "null",
      "SeqNo": "5",
      "Servicer": "null",
      "ServicerName": "0",
      "ServicerRatingMoodysNumeric": "null",
      "ServicerRatingSP": "null",
      "ServicerRatingSPNumeric": "null",
      "SpecifiedType": "null",
      "Spread": "1.76",
      "Spread ": "1.76",
      "TotalCapPercent": "null",
      "UpdatedBy": "4786c609-b9e2-4eb8-acb9-575af0aa6e51",
      "Year": "2023",
      "dealname": "HEAT 2005-2",
      "warf": "0"
    },
    {
      "Calculatedamount": "null",
      "CouponType": "V",
      "CreditOpinion": "D",
      "Currency": "USD",
      "Cusip": "80556UAL7",
      "DataID": "b816d079-5f10-4f16-8a22-595f3446f197",
      "Days": "Actual/360",
      "DealID": "orion 2006-1 ltd",
      "DerivedFitchRating": "0",
      "DerivedMoodysRating": "0",
      "DerivedSPRating": "0",
      "EstimatedAverageLife": "0",
      "FitchRating": "0",
      "FitchRatingSource": "0",
      "FitchRatingatIssuance": "null",
      "GlobalFitchRating": "0",
      "IndexType": "LIBOR",
      "InterestCollection": "4072.68",
      "InterestRate": "6.638",
      "InvestmentType": "null",
      "IsDefaulted": "true",
      "IsPIK": "null",
      "IssueDate": "",
      "IssuerDate": "",
      "MCORatingidx": "1000",
      "MCOhaircut": "null",
      "MCOhaircut ": "null",
      "MCOrec": "null",
      "Marketvalue": "null",
      "Maturity": "30-12-1899",
      "Month": "5",
      "MoodysRating": "0",
      "MoodysRatingSource": "0",
      "MoodysRatingatIssuance": "null",
      "MovedToBlockchain": "true",
      "Negamissued": "null",
      "PaymentFrequency": "1",
      "PrincipalBalance": "3500000",
      "PrincipalCollection": "0",
      "RecoveryRateMoodys1": "null",
      "RecoveryRateMoodys1 ": "null",
      "SPIndustryName": "0",
      "SPIssuanceRating": "null",
      "SPIssuerRating": "null",
      "SPRating": "0",
      "SPRatingSource": "0",
      "SPRatingatIssuance": "null",
      "SPRatingidx": "1000",
      "SPhaircut": "0",
      "SPhaircut ": "0",
      "SPidx": "null",
      "SPrec": "null",
      "SalesDate": "30-12-1899",
      "SalesReceipts": "0",
      "SecurityName": "SAST 2006-1 B1",
      "SecurityType": "0",
      "Seniority": "null",
      "SeqNo": "10",
      "Servicer": "null",
      "ServicerName": "0",
      "ServicerRatingMoodysNumeric": "null",
      "ServicerRatingSP": "null",
      "ServicerRatingSPNumeric": "null",
      "SpecifiedType": "null",
      "Spread": "1.5",
      "Spread ": "1.5",
      "TotalCapPercent": "null",
      "UpdatedBy": "4786c609-b9e2-4eb8-acb9-575af0aa6e51",
      "Year": "2023",
      "dealname": "SAST 2006-1",
      "warf": "0"
    },
    {
      "Calculatedamount": "null",
      "CouponType": "V",
      "CreditOpinion": "D",
      "Currency": "USD",
      "Cusip": "152314JE1",
      "DataID": "c8c09ff7-533c-4472-a7ca-713cd4eab9bc",
      "Days": "Actual/360",
      "DealID": "orion 2006-1 ltd",
      "DerivedFitchRating": "0",
      "DerivedMoodysRating": "0",
      "DerivedSPRating": "0",
      "EstimatedAverageLife": "0",
      "FitchRating": "0",
      "FitchRatingSource": "0",
      "FitchRatingatIssuance": "null",
      "GlobalFitchRating": "0",
      "IndexType": "LIBOR",
      "InterestCollection": "265.09",
      "InterestRate": "6.188",
      "InvestmentType": "null",
      "IsDefaulted": "true",
      "IsPIK": "null",
      "IssueDate": "",
      "IssuerDate": "",
      "MCORatingidx": "1000",
      "MCOhaircut": "null",
      "MCOhaircut ": "null",
      "MCOrec": "null",
      "Marketvalue": "null",
      "Maturity": "30-12-1899",
      "Month": "5",
      "MoodysRating": "0",
      "MoodysRatingSource": "0",
      "MoodysRatingatIssuance": "null",
      "MovedToBlockchain": "true",
      "Negamissued": "null",
      "PaymentFrequency": "1",
      "PrincipalBalance": "55578.6195",
      "PrincipalCollection": "0",
      "RecoveryRateMoodys1": "null",
      "RecoveryRateMoodys1 ": "null",
      "SPIndustryName": "0",
      "SPIssuanceRating": "null",
      "SPIssuerRating": "null",
      "SPRating": "0",
      "SPRatingSource": "0",
      "SPRatingatIssuance": "null",
      "SPRatingidx": "1000",
      "SPhaircut": "0",
      "SPhaircut ": "0",
      "SPidx": "null",
      "SPrec": "null",
      "SalesDate": "30-12-1899",
      "SalesReceipts": "0",
      "SecurityName": "CXHE 2004-A M2",
      "SecurityType": "0",
      "Seniority": "null",
      "SeqNo": "2",
      "Servicer": "null",
      "ServicerName": "0",
      "ServicerRatingMoodysNumeric": "null",
      "ServicerRatingSP": "null",
      "ServicerRatingSPNumeric": "null",
      "SpecifiedType": "null",
      "Spread": "1.05",
      "Spread ": "1.05",
      "TotalCapPercent": "null",
      "UpdatedBy": "4786c609-b9e2-4eb8-acb9-575af0aa6e51",
      "Year": "2023",
      "dealname": "CXHE 2004-A",
      "warf": "0"
    },
    {
      "Calculatedamount": "null",
      "CouponType": "V",
      "CreditOpinion": "D",
      "Currency": "USD",
      "Cusip": "15231AAJ5",
      "DataID": "d9aefcf5-4bb1-4641-abf0-55cc1b084603",
      "Days": "Actual/360",
      "DealID": "orion 2006-1 ltd",
      "DerivedFitchRating": "0",
      "DerivedMoodysRating": "0",
      "DerivedSPRating": "0",
      "EstimatedAverageLife": "0",
      "FitchRating": "0",
      "FitchRatingSource": "0",
      "FitchRatingatIssuance": "null",
      "GlobalFitchRating": "0",
      "IndexType": "LIBOR",
      "InterestCollection": "3121.86",
      "InterestRate": "5.708",
      "InvestmentType": "null",
      "IsDefaulted": "true",
      "IsPIK": "null",
      "IssueDate": "",
      "IssuerDate": "",
      "MCORatingidx": "1000",
      "MCOhaircut": "null",
      "MCOhaircut ": "null",
      "MCOrec": "null",
      "Marketvalue": "null",
      "Maturity": "30-12-1899",
      "Month": "5",
      "MoodysRating": "0",
      "MoodysRatingSource": "0",
      "MoodysRatingatIssuance": "null",
      "MovedToBlockchain": "true",
      "Negamissued": "null",
      "PaymentFrequency": "1",
      "PrincipalBalance": "817448.7506",
      "PrincipalCollection": "0",
      "RecoveryRateMoodys1": "null",
      "RecoveryRateMoodys1 ": "null",
      "SPIndustryName": "0",
      "SPIssuanceRating": "null",
      "SPIssuerRating": "null",
      "SPRating": "0",
      "SPRatingSource": "0",
      "SPRatingatIssuance": "null",
      "SPRatingidx": "1000",
      "SPhaircut": "0",
      "SPhaircut ": "0",
      "SPidx": "null",
      "SPrec": "null",
      "SalesDate": "30-12-1899",
      "SalesReceipts": "0",
      "SecurityName": "CXHE 2006-A M5",
      "SecurityType": "0",
      "Seniority": "null",
      "SeqNo": "4",
      "Servicer": "null",
      "ServicerName": "0",
      "ServicerRatingMoodysNumeric": "null",
      "ServicerRatingSP": "null",
      "ServicerRatingSPNumeric": "null",
      "SpecifiedType": "null",
      "Spread": "0.57",
      "Spread ": "0.57",
      "TotalCapPercent": "null",
      "UpdatedBy": "4786c609-b9e2-4eb8-acb9-575af0aa6e51",
      "Year": "2023",
      "dealname": "CXHE 2006-A",
      "warf": "0"
    },
    {
      "Calculatedamount": "null",
      "CouponType": "V",
      "CreditOpinion": "D",
      "Currency": "USD",
      "Cusip": "76110WQ90",
      "DataID": "ef636231-8186-4417-81bc-5fa544481eef",
      "Days": "Actual/360",
      "DealID": "orion 2006-1 ltd",
      "DerivedFitchRating": "0",
      "DerivedMoodysRating": "0",
      "DerivedSPRating": "0",
      "EstimatedAverageLife": "0",
      "FitchRating": "0",
      "FitchRatingSource": "0",
      "FitchRatingatIssuance": "null",
      "GlobalFitchRating": "0",
      "IndexType": "LIBOR",
      "InterestCollection": "464.06",
      "InterestRate": "7.167999999999999",
      "InvestmentType": "null",
      "IsDefaulted": "true",
      "IsPIK": "null",
      "IssueDate": "",
      "IssuerDate": "",
      "MCORatingidx": "1000",
      "MCOhaircut": "null",
      "MCOhaircut ": "null",
      "MCOrec": "null",
      "Marketvalue": "null",
      "Maturity": "30-12-1899",
      "Month": "5",
      "MoodysRating": "0",
      "MoodysRatingSource": "0",
      "MoodysRatingatIssuance": "null",
      "MovedToBlockchain": "true",
      "Negamissued": "null",
      "PaymentFrequency": "1",
      "PrincipalBalance": "101011.57",
      "PrincipalCollection": "0",
      "RecoveryRateMoodys1": "null",
      "RecoveryRateMoodys1 ": "null",
      "SPIndustryName": "0",
      "SPIssuanceRating": "null",
      "SPIssuerRating": "null",
      "SPRating": "0",
      "SPRatingSource": "0",
      "SPRatingatIssuance": "null",
      "SPRatingidx": "1000",
      "SPhaircut": "0",
      "SPhaircut ": "0",
      "SPidx": "null",
      "SPrec": "null",
      "SalesDate": "30-12-1899",
      "SalesReceipts": "0",
      "SecurityName": "RASC 2005-EMX1 M5",
      "SecurityType": "0",
      "Seniority": "null",
      "SeqNo": "8",
      "Servicer": "null",
      "ServicerName": "0",
      "ServicerRatingMoodysNumeric": "null",
      "ServicerRatingSP": "null",
      "ServicerRatingSPNumeric": "null",
      "SpecifiedType": "null",
      "Spread": "2.03",
      "Spread ": "2.03",
      "TotalCapPercent": "null",
      "UpdatedBy": "4786c609-b9e2-4eb8-acb9-575af0aa6e51",
      "Year": "2023",
      "dealname": "RASC 2005-EMX1",
      "warf": "0"
    }
  ]
},{
  "_id": {
    "$oid": "66606dd5ec588638ef63b324"
  },
  "DealName": "ORION 2006-1 LTD",
  "Month": "6",
  "Year": "2023",
  "Data": [
    {
      "DataID": "0a257a2c-ea00-4a40-9d51-4edc90a06e7d",
      "UpdatedBy": "4786c609-b9e2-4eb8-acb9-575af0aa6e51",
      "DealID": "orion 2006-1 ltd",
      "Month": "6",
      "Year": "2023",
      "MovedToBlockchain": "true",
      "SeqNo": "5",
      "Cusip": "437084JW7",
      "SecurityName": "HEAT 2005-2 B1",
      "PrincipalBalance": "1716440.92",
      "MoodysRating": "0",
      "MoodysRatingSource": "0",
      "EstimatedAverageLife": "0",
      "SecurityType": "0",
      "CreditOpinion": "D",
      "Spread": "1.76",
      "SPRatingSource": "0",
      "SPRating": "0",
      "Maturity": "30-12-1899",
      "FitchRatingSource": "0",
      "FitchRating": "0",
      "GlobalFitchRating": "0",
      "InterestCollection": "8551.12",
      "Days": "Actual/360",
      "IndexType": "LIBOR",
      "Spread ": "1.76",
      "InterestRate": "6.898",
      "CouponType": "V",
      "PaymentFrequency": "1",
      "Currency": "USD",
      "PrincipalCollection": "0",
      "ServicerName": "0",
      "SalesDate": "30-12-1899",
      "SalesReceipts": "0",
      "SPIndustryName": "0",
      "IsDefaulted": "true",
      "DerivedMoodysRating": "0",
      "SPIssuerRating": "null",
      "DerivedSPRating": "0",
      "DerivedFitchRating": "0",
      "MCORatingidx": "1000",
      "SPRatingidx": "1000",
      "MCOhaircut": "null",
      "SPhaircut": "0",
      "MCOhaircut ": "null",
      "SPhaircut ": "0",
      "RecoveryRateMoodys1": "null",
      "warf": "0",
      "SPIssuanceRating": "null",
      "SPidx": "null",
      "RecoveryRateMoodys1 ": "null",
      "MCOrec": "null",
      "SPrec": "null",
      "Marketvalue": "null",
      "Calculatedamount": "0",
      "ServicerRatingSP": "null",
      "ServicerRatingMoodysNumeric": "null",
      "ServicerRatingSPNumeric": "null",
      "dealname": "HEAT 2005-2",
      "IsPIK": "null",
      "SpecifiedType": "null",
      "Negamissued": "null",
      "IssuerDate": "",
      "InvestmentType": "null",
      "TotalCapPercent": "null",
      "IssueDate": "",
      "MoodysRatingatIssuance": "null",
      "SPRatingatIssuance": "null",
      "FitchRatingatIssuance": "null",
      "Seniority": "null",
      "Servicer": "null"
    },
    {
      "DataID": "0e3e9d81-db96-49d3-8f17-7faccfd2d4ac",
      "UpdatedBy": "4786c609-b9e2-4eb8-acb9-575af0aa6e51",
      "DealID": "orion 2006-1 ltd",
      "Month": "6",
      "Year": "2023",
      "MovedToBlockchain": "true",
      "SeqNo": "8",
      "Cusip": "76110WQ90",
      "SecurityName": "RASC 2005-EMX1 M5",
      "PrincipalBalance": "101011.57",
      "MoodysRating": "0",
      "MoodysRatingSource": "0",
      "EstimatedAverageLife": "0",
      "SecurityType": "0",
      "CreditOpinion": "D",
      "Spread": "2.03",
      "SPRatingSource": "0",
      "SPRating": "0",
      "Maturity": "30-12-1899",
      "FitchRatingSource": "0",
      "FitchRating": "0",
      "GlobalFitchRating": "0",
      "InterestCollection": "522.56",
      "Days": "Actual/360",
      "IndexType": "LIBOR",
      "Spread ": "2.03",
      "InterestRate": "7.167999999999999",
      "CouponType": "V",
      "PaymentFrequency": "1",
      "Currency": "USD",
      "PrincipalCollection": "0",
      "ServicerName": "0",
      "SalesDate": "30-12-1899",
      "SalesReceipts": "0",
      "SPIndustryName": "0",
      "IsDefaulted": "true",
      "DerivedMoodysRating": "0",
      "SPIssuerRating": "null",
      "DerivedSPRating": "0",
      "DerivedFitchRating": "0",
      "MCORatingidx": "1000",
      "SPRatingidx": "1000",
      "MCOhaircut": "null",
      "SPhaircut": "0",
      "MCOhaircut ": "null",
      "SPhaircut ": "0",
      "RecoveryRateMoodys1": "null",
      "warf": "0",
      "SPIssuanceRating": "null",
      "SPidx": "null",
      "RecoveryRateMoodys1 ": "null",
      "MCOrec": "null",
      "SPrec": "null",
      "Marketvalue": "null",
      "Calculatedamount": "0",
      "ServicerRatingSP": "null",
      "ServicerRatingMoodysNumeric": "null",
      "ServicerRatingSPNumeric": "null",
      "dealname": "RASC 2005-EMX1",
      "IsPIK": "null",
      "SpecifiedType": "null",
      "Negamissued": "null",
      "IssuerDate": "",
      "InvestmentType": "null",
      "TotalCapPercent": "null",
      "IssueDate": "",
      "MoodysRatingatIssuance": "null",
      "SPRatingatIssuance": "null",
      "FitchRatingatIssuance": "null",
      "Seniority": "null",
      "Servicer": "null"
    },
    {
      "DataID": "1bd2a9e6-6c13-4a05-86a7-8d3ce1bbceb2",
      "UpdatedBy": "4786c609-b9e2-4eb8-acb9-575af0aa6e51",
      "DealID": "orion 2006-1 ltd",
      "Month": "6",
      "Year": "2023",
      "MovedToBlockchain": "true",
      "SeqNo": "7",
      "Cusip": "759950CH9",
      "SecurityName": "RAMC 2004 - 1 M3",
      "PrincipalBalance": "1081145.82",
      "MoodysRating": "0",
      "MoodysRatingSource": "0",
      "EstimatedAverageLife": "0",
      "SecurityType": "0",
      "CreditOpinion": "D",
      "Spread": "2.18",
      "SPRatingSource": "0",
      "SPRating": "0",
      "Maturity": "30-12-1899",
      "FitchRatingSource": "0",
      "FitchRating": "0",
      "GlobalFitchRating": "0",
      "InterestCollection": "5710.19",
      "Days": "Actual/360",
      "IndexType": "LIBOR",
      "Spread ": "2.18",
      "InterestRate": "7.318",
      "CouponType": "V",
      "PaymentFrequency": "1",
      "Currency": "USD",
      "PrincipalCollection": "0",
      "ServicerName": "0",
      "SalesDate": "30-12-1899",
      "SalesReceipts": "0",
      "SPIndustryName": "0",
      "IsDefaulted": "true",
      "DerivedMoodysRating": "0",
      "SPIssuerRating": "null",
      "DerivedSPRating": "0",
      "DerivedFitchRating": "0",
      "MCORatingidx": "1000",
      "SPRatingidx": "1000",
      "MCOhaircut": "null",
      "SPhaircut": "0",
      "MCOhaircut ": "null",
      "SPhaircut ": "0",
      "RecoveryRateMoodys1": "null",
      "warf": "0",
      "SPIssuanceRating": "null",
      "SPidx": "null",
      "RecoveryRateMoodys1 ": "null",
      "MCOrec": "null",
      "SPrec": "null",
      "Marketvalue": "null",
      "Calculatedamount": "0",
      "ServicerRatingSP": "null",
      "ServicerRatingMoodysNumeric": "null",
      "ServicerRatingSPNumeric": "null",
      "dealname": "RAMC 2004",
      "IsPIK": "null",
      "SpecifiedType": "null",
      "Negamissued": "null",
      "IssuerDate": "",
      "InvestmentType": "null",
      "TotalCapPercent": "null",
      "IssueDate": "",
      "MoodysRatingatIssuance": "null",
      "SPRatingatIssuance": "null",
      "FitchRatingatIssuance": "null",
      "Seniority": "null",
      "Servicer": "null"
    },
    {
      "DataID": "5af7307c-24d1-49e2-899f-3bb06db6c4af",
      "UpdatedBy": "4786c609-b9e2-4eb8-acb9-575af0aa6e51",
      "DealID": "orion 2006-1 ltd",
      "Month": "6",
      "Year": "2023",
      "MovedToBlockchain": "true",
      "SeqNo": "10",
      "Cusip": "80556UAL7",
      "SecurityName": "SAST 2006-1 B1",
      "PrincipalBalance": "3500000",
      "MoodysRating": "0",
      "MoodysRatingSource": "0",
      "EstimatedAverageLife": "0",
      "SecurityType": "0",
      "CreditOpinion": "D",
      "Spread": "1.5",
      "SPRatingSource": "0",
      "SPRating": "0",
      "Maturity": "30-12-1899",
      "FitchRatingSource": "0",
      "FitchRating": "0",
      "GlobalFitchRating": "0",
      "InterestCollection": "16779.39",
      "Days": "Actual/360",
      "IndexType": "LIBOR",
      "Spread ": "1.5",
      "InterestRate": "6.638",
      "CouponType": "V",
      "PaymentFrequency": "1",
      "Currency": "USD",
      "PrincipalCollection": "0",
      "ServicerName": "0",
      "SalesDate": "30-12-1899",
      "SalesReceipts": "0",
      "SPIndustryName": "0",
      "IsDefaulted": "true",
      "DerivedMoodysRating": "0",
      "SPIssuerRating": "null",
      "DerivedSPRating": "0",
      "DerivedFitchRating": "0",
      "MCORatingidx": "1000",
      "SPRatingidx": "1000",
      "MCOhaircut": "null",
      "SPhaircut": "0",
      "MCOhaircut ": "null",
      "SPhaircut ": "0",
      "RecoveryRateMoodys1": "null",
      "warf": "0",
      "SPIssuanceRating": "null",
      "SPidx": "null",
      "RecoveryRateMoodys1 ": "null",
      "MCOrec": "null",
      "SPrec": "null",
      "Marketvalue": "null",
      "Calculatedamount": "0",
      "ServicerRatingSP": "null",
      "ServicerRatingMoodysNumeric": "null",
      "ServicerRatingSPNumeric": "null",
      "dealname": "SAST 2006-1",
      "IsPIK": "null",
      "SpecifiedType": "null",
      "Negamissued": "null",
      "IssuerDate": "",
      "InvestmentType": "null",
      "TotalCapPercent": "null",
      "IssueDate": "",
      "MoodysRatingatIssuance": "null",
      "SPRatingatIssuance": "null",
      "FitchRatingatIssuance": "null",
      "Seniority": "null",
      "Servicer": "null"
    },
    {
      "DataID": "6d134fc8-b387-4cc4-bf49-824f87b30628",
      "UpdatedBy": "4786c609-b9e2-4eb8-acb9-575af0aa6e51",
      "DealID": "orion 2006-1 ltd",
      "Month": "6",
      "Year": "2023",
      "MovedToBlockchain": "true",
      "SeqNo": "1",
      "Cusip": "1266737H9",
      "SecurityName": "CWL 2005-BC4 M9",
      "PrincipalBalance": "3687130.84",
      "MoodysRating": "0",
      "MoodysRatingSource": "0",
      "EstimatedAverageLife": "0",
      "SecurityType": "0",
      "CreditOpinion": "D",
      "Spread": "2.11",
      "SPRatingSource": "0",
      "SPRating": "0",
      "Maturity": "30-12-1899",
      "FitchRatingSource": "0",
      "FitchRating": "0",
      "GlobalFitchRating": "0",
      "InterestCollection": "20655.3",
      "Days": "Actual/360",
      "IndexType": "LIBOR",
      "Spread ": "2.11",
      "InterestRate": "7.247999999999999",
      "CouponType": "V",
      "PaymentFrequency": "1",
      "Currency": "USD",
      "PrincipalCollection": "0",
      "ServicerName": "0",
      "SalesDate": "30-12-1899",
      "SalesReceipts": "0",
      "SPIndustryName": "0",
      "IsDefaulted": "true",
      "DerivedMoodysRating": "0",
      "SPIssuerRating": "null",
      "DerivedSPRating": "0",
      "DerivedFitchRating": "0",
      "MCORatingidx": "1000",
      "SPRatingidx": "1000",
      "MCOhaircut": "null",
      "SPhaircut": "0",
      "MCOhaircut ": "null",
      "SPhaircut ": "0",
      "RecoveryRateMoodys1": "null",
      "warf": "0",
      "SPIssuanceRating": "null",
      "SPidx": "null",
      "RecoveryRateMoodys1 ": "null",
      "MCOrec": "null",
      "SPrec": "null",
      "Marketvalue": "null",
      "Calculatedamount": "0",
      "ServicerRatingSP": "null",
      "ServicerRatingMoodysNumeric": "null",
      "ServicerRatingSPNumeric": "null",
      "dealname": "CWL 2005-BC4",
      "IsPIK": "null",
      "SpecifiedType": "null",
      "Negamissued": "null",
      "IssuerDate": "",
      "InvestmentType": "null",
      "TotalCapPercent": "null",
      "IssueDate": "",
      "MoodysRatingatIssuance": "null",
      "SPRatingatIssuance": "null",
      "FitchRatingatIssuance": "null",
      "Seniority": "null",
      "Servicer": "null"
    },
    {
      "DataID": "71e09120-6faa-446a-96fc-27e981a3ee4e",
      "UpdatedBy": "4786c609-b9e2-4eb8-acb9-575af0aa6e51",
      "DealID": "orion 2006-1 ltd",
      "Month": "6",
      "Year": "2023",
      "MovedToBlockchain": "true",
      "SeqNo": "4",
      "Cusip": "15231AAJ5",
      "SecurityName": "CXHE 2006-A M5",
      "PrincipalBalance": "817448.7506",
      "MoodysRating": "0",
      "MoodysRatingSource": "0",
      "EstimatedAverageLife": "0",
      "SecurityType": "0",
      "CreditOpinion": "D",
      "Spread": "0.57",
      "SPRatingSource": "0",
      "SPRating": "0",
      "Maturity": "30-12-1899",
      "FitchRatingSource": "0",
      "FitchRating": "0",
      "GlobalFitchRating": "0",
      "InterestCollection": "0",
      "Days": "Actual/360",
      "IndexType": "LIBOR",
      "Spread ": "0.57",
      "InterestRate": "5.708",
      "CouponType": "V",
      "PaymentFrequency": "1",
      "Currency": "USD",
      "PrincipalCollection": "0",
      "ServicerName": "0",
      "SalesDate": "30-12-1899",
      "SalesReceipts": "0",
      "SPIndustryName": "0",
      "IsDefaulted": "true",
      "DerivedMoodysRating": "0",
      "SPIssuerRating": "null",
      "DerivedSPRating": "0",
      "DerivedFitchRating": "0",
      "MCORatingidx": "1000",
      "SPRatingidx": "1000",
      "MCOhaircut": "null",
      "SPhaircut": "0",
      "MCOhaircut ": "null",
      "SPhaircut ": "0",
      "RecoveryRateMoodys1": "null",
      "warf": "0",
      "SPIssuanceRating": "null",
      "SPidx": "null",
      "RecoveryRateMoodys1 ": "null",
      "MCOrec": "null",
      "SPrec": "null",
      "Marketvalue": "null",
      "Calculatedamount": "0",
      "ServicerRatingSP": "null",
      "ServicerRatingMoodysNumeric": "null",
      "ServicerRatingSPNumeric": "null",
      "dealname": "CXHE 2006-A",
      "IsPIK": "null",
      "SpecifiedType": "null",
      "Negamissued": "null",
      "IssuerDate": "",
      "InvestmentType": "null",
      "TotalCapPercent": "null",
      "IssueDate": "",
      "MoodysRatingatIssuance": "null",
      "SPRatingatIssuance": "null",
      "FitchRatingatIssuance": "null",
      "Seniority": "null",
      "Servicer": "null"
    },
    {
      "DataID": "77e0a3cc-4374-4f60-ab5a-43bd0031de3d",
      "UpdatedBy": "4786c609-b9e2-4eb8-acb9-575af0aa6e51",
      "DealID": "orion 2006-1 ltd",
      "Month": "6",
      "Year": "2023",
      "MovedToBlockchain": "true",
      "SeqNo": "3",
      "Cusip": "152314LU2",
      "SecurityName": "CXHE 2004-D MV5",
      "PrincipalBalance": "313026.33",
      "MoodysRating": "0",
      "MoodysRatingSource": "0",
      "EstimatedAverageLife": "0",
      "SecurityType": "0",
      "CreditOpinion": "D",
      "Spread": "1.8",
      "SPRatingSource": "0",
      "SPRating": "0",
      "Maturity": "30-12-1899",
      "FitchRatingSource": "0",
      "FitchRating": "0",
      "GlobalFitchRating": "0",
      "InterestCollection": "1568.51",
      "Days": "Actual/360",
      "IndexType": "LIBOR",
      "Spread ": "1.8",
      "InterestRate": "6.938",
      "CouponType": "V",
      "PaymentFrequency": "1",
      "Currency": "USD",
      "PrincipalCollection": "0",
      "ServicerName": "0",
      "SalesDate": "30-12-1899",
      "SalesReceipts": "0",
      "SPIndustryName": "0",
      "IsDefaulted": "true",
      "DerivedMoodysRating": "0",
      "SPIssuerRating": "null",
      "DerivedSPRating": "0",
      "DerivedFitchRating": "0",
      "MCORatingidx": "1000",
      "SPRatingidx": "1000",
      "MCOhaircut": "null",
      "SPhaircut": "0",
      "MCOhaircut ": "null",
      "SPhaircut ": "0",
      "RecoveryRateMoodys1": "null",
      "warf": "0",
      "SPIssuanceRating": "null",
      "SPidx": "null",
      "RecoveryRateMoodys1 ": "null",
      "MCOrec": "null",
      "SPrec": "null",
      "Marketvalue": "null",
      "Calculatedamount": "0",
      "ServicerRatingSP": "null",
      "ServicerRatingMoodysNumeric": "null",
      "ServicerRatingSPNumeric": "null",
      "dealname": "CXHE 2004-D",
      "IsPIK": "null",
      "SpecifiedType": "null",
      "Negamissued": "null",
      "IssuerDate": "",
      "InvestmentType": "null",
      "TotalCapPercent": "null",
      "IssueDate": "",
      "MoodysRatingatIssuance": "null",
      "SPRatingatIssuance": "null",
      "FitchRatingatIssuance": "null",
      "Seniority": "null",
      "Servicer": "null"
    },
    {
      "DataID": "9c80fd59-f787-4145-b128-721060a0cdd9",
      "UpdatedBy": "4786c609-b9e2-4eb8-acb9-575af0aa6e51",
      "DealID": "orion 2006-1 ltd",
      "Month": "6",
      "Year": "2023",
      "MovedToBlockchain": "true",
      "SeqNo": "11",
      "Cusip": "80556UAM5",
      "SecurityName": "SAST 2006-1 B2",
      "PrincipalBalance": "2500000",
      "MoodysRating": "0",
      "MoodysRatingSource": "0",
      "EstimatedAverageLife": "0",
      "SecurityType": "0",
      "CreditOpinion": "D",
      "Spread": "1.8",
      "SPRatingSource": "0",
      "SPRating": "0",
      "Maturity": "30-12-1899",
      "FitchRatingSource": "0",
      "FitchRating": "0",
      "GlobalFitchRating": "0",
      "InterestCollection": "12526.94",
      "Days": "Actual/360",
      "IndexType": "LIBOR",
      "Spread ": "1.8",
      "InterestRate": "6.938",
      "CouponType": "V",
      "PaymentFrequency": "1",
      "Currency": "USD",
      "PrincipalCollection": "0",
      "ServicerName": "0",
      "SalesDate": "30-12-1899",
      "SalesReceipts": "0",
      "SPIndustryName": "0",
      "IsDefaulted": "true",
      "DerivedMoodysRating": "0",
      "SPIssuerRating": "null",
      "DerivedSPRating": "0",
      "DerivedFitchRating": "0",
      "MCORatingidx": "1000",
      "SPRatingidx": "1000",
      "MCOhaircut": "null",
      "SPhaircut": "0",
      "MCOhaircut ": "null",
      "SPhaircut ": "0",
      "RecoveryRateMoodys1": "null",
      "warf": "0",
      "SPIssuanceRating": "null",
      "SPidx": "null",
      "RecoveryRateMoodys1 ": "null",
      "MCOrec": "null",
      "SPrec": "null",
      "Marketvalue": "null",
      "Calculatedamount": "0",
      "ServicerRatingSP": "null",
      "ServicerRatingMoodysNumeric": "null",
      "ServicerRatingSPNumeric": "null",
      "dealname": "SAST 2006-1",
      "IsPIK": "null",
      "SpecifiedType": "null",
      "Negamissued": "null",
      "IssuerDate": "",
      "InvestmentType": "null",
      "TotalCapPercent": "null",
      "IssueDate": "",
      "MoodysRatingatIssuance": "null",
      "SPRatingatIssuance": "null",
      "FitchRatingatIssuance": "null",
      "Seniority": "null",
      "Servicer": "null"
    },
    {
      "DataID": "aea5b266-8606-4bb5-99c4-a4772fabdd49",
      "UpdatedBy": "4786c609-b9e2-4eb8-acb9-575af0aa6e51",
      "DealID": "orion 2006-1 ltd",
      "Month": "6",
      "Year": "2023",
      "MovedToBlockchain": "true",
      "SeqNo": "9",
      "Cusip": "805564TA9",
      "SecurityName": "SAST 2005-3 B3",
      "PrincipalBalance": "900000",
      "MoodysRating": "0",
      "MoodysRatingSource": "0",
      "EstimatedAverageLife": "0",
      "SecurityType": "0",
      "CreditOpinion": "D",
      "Spread": "2.78",
      "SPRatingSource": "0",
      "SPRating": "0",
      "Maturity": "30-12-1899",
      "FitchRatingSource": "0",
      "FitchRating": "0",
      "GlobalFitchRating": "0",
      "InterestCollection": "5143.45",
      "Days": "Actual/360",
      "IndexType": "LIBOR",
      "Spread ": "2.78",
      "InterestRate": "7.917999999999999",
      "CouponType": "V",
      "PaymentFrequency": "1",
      "Currency": "USD",
      "PrincipalCollection": "0",
      "ServicerName": "0",
      "SalesDate": "30-12-1899",
      "SalesReceipts": "0",
      "SPIndustryName": "0",
      "IsDefaulted": "true",
      "DerivedMoodysRating": "0",
      "SPIssuerRating": "null",
      "DerivedSPRating": "0",
      "DerivedFitchRating": "0",
      "MCORatingidx": "1000",
      "SPRatingidx": "1000",
      "MCOhaircut": "null",
      "SPhaircut": "0",
      "MCOhaircut ": "null",
      "SPhaircut ": "0",
      "RecoveryRateMoodys1": "null",
      "warf": "0",
      "SPIssuanceRating": "null",
      "SPidx": "null",
      "RecoveryRateMoodys1 ": "null",
      "MCOrec": "null",
      "SPrec": "null",
      "Marketvalue": "null",
      "Calculatedamount": "0",
      "ServicerRatingSP": "null",
      "ServicerRatingMoodysNumeric": "null",
      "ServicerRatingSPNumeric": "null",
      "dealname": "SAST 2005-3",
      "IsPIK": "null",
      "SpecifiedType": "null",
      "Negamissued": "null",
      "IssuerDate": "",
      "InvestmentType": "null",
      "TotalCapPercent": "null",
      "IssueDate": "",
      "MoodysRatingatIssuance": "null",
      "SPRatingatIssuance": "null",
      "FitchRatingatIssuance": "null",
      "Seniority": "null",
      "Servicer": "null"
    },
    {
      "DataID": "c623ae0a-440e-49ec-85c8-7c68e6d51e3b",
      "UpdatedBy": "4786c609-b9e2-4eb8-acb9-575af0aa6e51",
      "DealID": "orion 2006-1 ltd",
      "Month": "6",
      "Year": "2023",
      "MovedToBlockchain": "true",
      "SeqNo": "12",
      "Cusip": "80556UAN3",
      "SecurityName": "SAST 2006-1 B3",
      "PrincipalBalance": "5500000",
      "MoodysRating": "0",
      "MoodysRatingSource": "0",
      "EstimatedAverageLife": "0",
      "SecurityType": "0",
      "CreditOpinion": "D",
      "Spread": "3.15",
      "SPRatingSource": "0",
      "SPRating": "0",
      "Maturity": "30-12-1899",
      "FitchRatingSource": "0",
      "FitchRating": "0",
      "GlobalFitchRating": "0",
      "InterestCollection": "3369.89",
      "Days": "Actual/360",
      "IndexType": "LIBOR",
      "Spread ": "3.15",
      "InterestRate": "8.288",
      "CouponType": "V",
      "PaymentFrequency": "1",
      "Currency": "USD",
      "PrincipalCollection": "0",
      "ServicerName": "0",
      "SalesDate": "30-12-1899",
      "SalesReceipts": "0",
      "SPIndustryName": "0",
      "IsDefaulted": "true",
      "DerivedMoodysRating": "0",
      "SPIssuerRating": "null",
      "DerivedSPRating": "0",
      "DerivedFitchRating": "0",
      "MCORatingidx": "1000",
      "SPRatingidx": "1000",
      "MCOhaircut": "null",
      "SPhaircut": "0",
      "MCOhaircut ": "null",
      "SPhaircut ": "0",
      "RecoveryRateMoodys1": "null",
      "warf": "0",
      "SPIssuanceRating": "null",
      "SPidx": "null",
      "RecoveryRateMoodys1 ": "null",
      "MCOrec": "null",
      "SPrec": "null",
      "Marketvalue": "null",
      "Calculatedamount": "0",
      "ServicerRatingSP": "null",
      "ServicerRatingMoodysNumeric": "null",
      "ServicerRatingSPNumeric": "null",
      "dealname": "SAST 2006-1",
      "IsPIK": "null",
      "SpecifiedType": "null",
      "Negamissued": "null",
      "IssuerDate": "",
      "InvestmentType": "null",
      "TotalCapPercent": "null",
      "IssueDate": "",
      "MoodysRatingatIssuance": "null",
      "SPRatingatIssuance": "null",
      "FitchRatingatIssuance": "null",
      "Seniority": "null",
      "Servicer": "null"
    },
    {
      "DataID": "c62ab2e1-b75b-4905-b2fe-9afbdd97fbda",
      "UpdatedBy": "4786c609-b9e2-4eb8-acb9-575af0aa6e51",
      "DealID": "orion 2006-1 ltd",
      "Month": "6",
      "Year": "2023",
      "MovedToBlockchain": "true",
      "SeqNo": "2",
      "Cusip": "152314JE1",
      "SecurityName": "CXHE 2004-A M2",
      "PrincipalBalance": "55578.6195",
      "MoodysRating": "0",
      "MoodysRatingSource": "0",
      "EstimatedAverageLife": "0",
      "SecurityType": "0",
      "CreditOpinion": "D",
      "Spread": "1.05",
      "SPRatingSource": "0",
      "SPRating": "0",
      "Maturity": "30-12-1899",
      "FitchRatingSource": "0",
      "FitchRating": "0",
      "GlobalFitchRating": "0",
      "InterestCollection": "248.39",
      "Days": "Actual/360",
      "IndexType": "LIBOR",
      "Spread ": "1.05",
      "InterestRate": "6.188",
      "CouponType": "V",
      "PaymentFrequency": "1",
      "Currency": "USD",
      "PrincipalCollection": "0",
      "ServicerName": "0",
      "SalesDate": "30-12-1899",
      "SalesReceipts": "0",
      "SPIndustryName": "0",
      "IsDefaulted": "true",
      "DerivedMoodysRating": "0",
      "SPIssuerRating": "null",
      "DerivedSPRating": "0",
      "DerivedFitchRating": "0",
      "MCORatingidx": "1000",
      "SPRatingidx": "1000",
      "MCOhaircut": "null",
      "SPhaircut": "0",
      "MCOhaircut ": "null",
      "SPhaircut ": "0",
      "RecoveryRateMoodys1": "null",
      "warf": "0",
      "SPIssuanceRating": "null",
      "SPidx": "null",
      "RecoveryRateMoodys1 ": "null",
      "MCOrec": "null",
      "SPrec": "null",
      "Marketvalue": "null",
      "Calculatedamount": "0",
      "ServicerRatingSP": "null",
      "ServicerRatingMoodysNumeric": "null",
      "ServicerRatingSPNumeric": "null",
      "dealname": "CXHE 2004-A",
      "IsPIK": "null",
      "SpecifiedType": "null",
      "Negamissued": "null",
      "IssuerDate": "",
      "InvestmentType": "null",
      "TotalCapPercent": "null",
      "IssueDate": "",
      "MoodysRatingatIssuance": "null",
      "SPRatingatIssuance": "null",
      "FitchRatingatIssuance": "null",
      "Seniority": "null",
      "Servicer": "null"
    },
    {
      "DataID": "c6ca758f-5ccf-4017-897f-aca985621fdc",
      "UpdatedBy": "4786c609-b9e2-4eb8-acb9-575af0aa6e51",
      "DealID": "orion 2006-1 ltd",
      "Month": "6",
      "Year": "2023",
      "MovedToBlockchain": "true",
      "SeqNo": "13",
      "Cusip": "64352VKG5",
      "SecurityName": "New Century Home Equity Loan Trust",
      "PrincipalBalance": "232464.0604",
      "MoodysRating": "0",
      "MoodysRatingSource": "0",
      "EstimatedAverageLife": "0",
      "SecurityType": "0",
      "CreditOpinion": "0",
      "Spread": "0",
      "SPRatingSource": "0",
      "SPRating": "0",
      "Maturity": "30-12-1899",
      "FitchRatingSource": "0",
      "FitchRating": "0",
      "GlobalFitchRating": "0",
      "InterestCollection": "1202.6",
      "Days": "0",
      "IndexType": "0",
      "Spread ": "0",
      "InterestRate": "0",
      "CouponType": "0",
      "PaymentFrequency": "0",
      "Currency": "0",
      "PrincipalCollection": "0",
      "ServicerName": "0",
      "SalesDate": "30-12-1899",
      "SalesReceipts": "0",
      "SPIndustryName": "0",
      "IsDefaulted": "false",
      "DerivedMoodysRating": "0",
      "SPIssuerRating": "null",
      "DerivedSPRating": "0",
      "DerivedFitchRating": "0",
      "MCORatingidx": "1000",
      "SPRatingidx": "1000",
      "MCOhaircut": "null",
      "SPhaircut": "0",
      "MCOhaircut ": "null",
      "SPhaircut ": "0",
      "RecoveryRateMoodys1": "null",
      "warf": "0",
      "SPIssuanceRating": "null",
      "SPidx": "null",
      "RecoveryRateMoodys1 ": "null",
      "MCOrec": "null",
      "SPrec": "null",
      "Marketvalue": "null",
      "Calculatedamount": "0",
      "ServicerRatingSP": "null",
      "ServicerRatingMoodysNumeric": "null",
      "ServicerRatingSPNumeric": "null",
      "dealname": "New Century",
      "IsPIK": "null",
      "SpecifiedType": "null",
      "Negamissued": "null",
      "IssuerDate": "",
      "InvestmentType": "null",
      "TotalCapPercent": "null",
      "IssueDate": "",
      "MoodysRatingatIssuance": "null",
      "SPRatingatIssuance": "null",
      "FitchRatingatIssuance": "null",
      "Seniority": "null",
      "Servicer": "null"
    },
    {
      "DataID": "ef8028a5-5751-4aa4-b904-74ab529a91b8",
      "UpdatedBy": "4786c609-b9e2-4eb8-acb9-575af0aa6e51",
      "DealID": "orion 2006-1 ltd",
      "Month": "6",
      "Year": "2023",
      "MovedToBlockchain": "true",
      "SeqNo": "6",
      "Cusip": "CMVC6114",
      "SecurityName": "MABS 2005-WF1 M9 Synthetic Security",
      "PrincipalBalance": "7583827.6",
      "MoodysRating": "0",
      "MoodysRatingSource": "0",
      "EstimatedAverageLife": "0",
      "SecurityType": "0",
      "CreditOpinion": "0",
      "Spread": "2.2",
      "SPRatingSource": "0",
      "SPRating": "0",
      "Maturity": "30-12-1899",
      "FitchRatingSource": "0",
      "FitchRating": "0",
      "GlobalFitchRating": "0",
      "InterestCollection": "0",
      "Days": "Actual/360",
      "IndexType": "LIBOR",
      "Spread ": "2.2",
      "InterestRate": "0",
      "CouponType": "V",
      "PaymentFrequency": "1",
      "Currency": "USD",
      "PrincipalCollection": "0",
      "ServicerName": "0",
      "SalesDate": "30-12-1899",
      "SalesReceipts": "0",
      "SPIndustryName": "0",
      "IsDefaulted": "false",
      "DerivedMoodysRating": "0",
      "SPIssuerRating": "null",
      "DerivedSPRating": "0",
      "DerivedFitchRating": "0",
      "MCORatingidx": "1000",
      "SPRatingidx": "1000",
      "MCOhaircut": "null",
      "SPhaircut": "0",
      "MCOhaircut ": "null",
      "SPhaircut ": "0",
      "RecoveryRateMoodys1": "null",
      "warf": "0",
      "SPIssuanceRating": "null",
      "SPidx": "null",
      "RecoveryRateMoodys1 ": "null",
      "MCOrec": "null",
      "SPrec": "null",
      "Marketvalue": "null",
      "Calculatedamount": "0",
      "ServicerRatingSP": "null",
      "ServicerRatingMoodysNumeric": "null",
      "ServicerRatingSPNumeric": "null",
      "dealname": "MABS 2005-WF1",
      "IsPIK": "null",
      "SpecifiedType": "null",
      "Negamissued": "null",
      "IssuerDate": "",
      "InvestmentType": "null",
      "TotalCapPercent": "null",
      "IssueDate": "",
      "MoodysRatingatIssuance": "null",
      "SPRatingatIssuance": "null",
      "FitchRatingatIssuance": "null",
      "Seniority": "null",
      "Servicer": "null"
    }
  ]
}]