[{
  "_id": {
    "$oid": "66606c8cec588638ef63b316"
  },
  "DealName": "ORION 2006-1 LTD",
  "Month": "3",
  "Year": "2023",
  "Data": [
    {
      "GDealID": "orion 2006-1 ltd",
      "GID": "ce882609-3835-4d76-a999-3ea1eabe472c",
      "GMonth": "3",
      "GValue": "[{\"Key 1\":\"yes\",\"Key 2\":\"TRUE\",\"Key 3\":\"04/11/2023\",\"Key 4\":\"4/7/2023\",\"Key 5\":[\"ssae93d4-77e7-499b-a210-0e0f0febfec2\"],\"Key 6\":\"4.75971\",\"Key 7\":\"5/8/2023\",\"Key 8\":{\"interestcollected\":\"-292.21\",\"pricipalcollected\":\"13859.18\",\"expensecollected\":\"19146.34\",\"paymentscollected\":\"0.00\"},\"Key 9\":{\"trusteefee\":\"5000.00\",\"eod\":\"4000.00\",\"preferencesharingpayingagentfee\":\"833.33\",\"accountingexpenses\":\"0.00\",\"eenstyoungaccountants\":\"8443.00\",\"maples\":\"400.00\",\"expensesaccountreplenishment\":\"17942.16\",\"taxfillingandregistration\":\"1600.00\",\"seniorcollateralmanagementfee\":\"636.15\",\"subordinatecollateralmanagerfee\":\"318.08\",\"apbatbegcollectionperiod\":\"27994502.82\",\"cashatbegcollectionperiod\":\"0.00\"},\"Key 10\":\"0.00\",\"Key 11\":\"Michele H. Voon\",\"Key 12\":\"100 William Street, Suite 1850, New York, NY 10038\",\"Key 13\":\"Michele.Voon@umb.com\"}]",
      "GYear": "2023"
    }
  ]
},{
  "_id": {
    "$oid": "66606cc3ec588638ef63b317"
  },
  "DealName": "ORION 2006-1 LTD",
  "Month": "5",
  "Year": "2023",
  "Data": [
    {
      "GDealID": "orion 2006-1 ltd",
      "GID": "d0197beb-a622-4e89-9c31-4b27f2bd9927",
      "GMonth": "5",
      "GValue": "[{\"Key 1\":\"no\",\"Key 2\":\"TRUE\",\"Key 3\":\"06/12/2023\",\"Key 4\":\"5/8/2023\",\"Key 5\":[\"ssae93d4-77e7-499b-a210-0e0f0febfec2\"],\"Key 6\":\"5.10443\",\"Key 7\":\"6/8/2023\",\"Key 8\":{\"interestcollected\":\"0.00\",\"pricipalcollected\":\"416649.21\",\"expensecollected\":\"-40219.22\",\"paymentscollected\":\"0.00\"},\"Key 9\":{\"trusteefee\":\"100000.00\",\"eod\":\"0.00\",\"preferencesharingpayingagentfee\":\"0.00\",\"accountingexpenses\":\"0.00\",\"eenstyoungaccountants\":\"0.00\",\"maples\":\"0.00\",\"expensesaccountreplenishment\":\"40219.22\",\"taxfillingandregistration\":\"0.00\",\"seniorcollateralmanagementfee\":\"637.15\",\"subordinatecollateralmanagerfee\":\"318.58\",\"cadwaladerwickershamtaftllp\":\"20081.02\",\"apbatbegcollectionperiod\":\"7583827.60\",\"cashatbegcollectionperiod\":\"61977.18\"},\"Key 10\":\"0.00\",\"Key 11\":\"Michele H. Voon\",\"Key 12\":\"100 William Street, Suite 1850, New York, NY 10038\",\"Key 13\":\"Michele.Voon@umb.com\"}]",
      "GYear": "2023"
    }
  ]
},{
  "_id": {
    "$oid": "66606ccdec588638ef63b318"
  },
  "DealName": "ORION 2006-1 LTD",
  "Month": "6",
  "Year": "2023",
  "Data": [
    {
      "GDealID": "orion 2006-1 ltd",
      "GID": "840220da-711f-4bd6-a43b-9e86ff0d8bf2",
      "GMonth": "6",
      "GValue": "[{\"Key 1\":\"no\",\"Key 2\":\"TRUE\",\"Key 3\":\"07/10/2023\",\"Key 4\":\"06/08/2023\",\"Key 5\":[\"ssae93d4-77e7-499b-a210-0e0f0febfec2\"],\"Key 6\":\"5.22243\",\"Key 7\":\"NA\",\"Key 8\":{\"interestcollected\":\"292.86\",\"pricipalcollected\":\"6660776.13\",\"expensecollected\":\"0.00\",\"paymentscollected\":\"0.00\"},\"Key 9\":{\"trusteefee\":\"0.00\",\"eod\":\"0.00\",\"preferencesharingpayingagentfee\":\"0.00\",\"accountingexpenses\":\"0.00\",\"eenstyoungaccountants\":\"0.00\",\"maples\":\"5787.5\",\"expensesaccountreplenishment\":\"0.00\",\"taxfillingandregistration\":\"0.00\",\"seniorcollateralmanagementfee\":\"637.15\",\"subordinatecollateralmanagerfee\":\"318.575199166667\",\"cadwaladerwickershamtaftllp\":\"0.00\",\"sewardkissel\":\"31500\",\"dorseywhitellp\":\"113854.5\",\"moodys\":\"13000\",\"dockstreet\":\"250000\",\"dlapiper\":\"30000\",\"apbatbegcollectionperiod\":\"7816291.6604\",\"cashatbegcollectionperiod\":\"61977.18\"},\"Key 10\":\"0.00\",\"Key 11\":\"Michele H. Voon\",\"Key 12\":\"100 William Street, Suite 1850, New York, NY 10038\",\"Key 13\":\"Michele.Voon@umb.com\"}]",
      "GYear": "2023"
    }
  ]
}]