[{
  "_id": {
    "$oid": "66606b69734951374b265022"
  },
  "isDealId": "orion2006-1test",
  "isEndDate": "",
  "isId": "1595b261-c8d3-45ce-be5a-6da07411a2dc",
  "isNoOfDays": "",
  "isReportingDate": "",
  "isStartDate": ""
},{
  "_id": {
    "$oid": "66606b69734951374b265024"
  },
  "isDealId": "orion 2006-1 ltd",
  "isEndDate": "",
  "isId": "ab4d114e-805a-40f6-8fe5-8215e80ca3da",
  "isNoOfDays": "",
  "isReportingDate": "",
  "isStartDate": ""
},{
  "_id": {
    "$oid": "66606b69734951374b265023"
  },
  "isDealId": "orion2006-1test1",
  "isEndDate": "",
  "isId": "444ced34-1502-42ef-9d6c-e813f523ac06",
  "isNoOfDays": "",
  "isReportingDate": "",
  "isStartDate": ""
}]