[{
  "_id": {
    "$oid": "66606a8c734951374b265000"
  },
  "DealID": "orion 2006-1 ltd",
  "ID": "3eaee960-8f4f-49f6-8e9f-c8745e5027c4",
  "Month": "3",
  "Status": "0",
  "User": "ssae93d4-77e7-499b-a210-0e0f0febfec2",
  "Version": "Version 4",
  "Year": "2023"
},{
  "_id": {
    "$oid": "66606a8c734951374b265006"
  },
  "DealID": "orion2006-1test1",
  "ID": "fd20be5c-b13e-480f-8073-433d8b08692a",
  "Month": "5",
  "Status": "0",
  "User": "",
  "Version": "Version 6",
  "Year": "2023"
},{
  "_id": {
    "$oid": "66606a8c734951374b265001"
  },
  "DealID": "orion2006-1test1",
  "ID": "64ba1f8b-f1bd-4652-b3d2-678dde43ab66",
  "Month": "6",
  "Status": "0",
  "User": "ssae93d4-77e7-499b-a210-0e0f0febfec2",
  "Version": "Version 13",
  "Year": "2023"
},{
  "_id": {
    "$oid": "66606a8c734951374b265003"
  },
  "DealID": "orion2006-1test1",
  "ID": "c06eb927-f9cb-46c5-a33f-f68f683a3bd5",
  "Month": "3",
  "Status": "0",
  "User": "ssae93d4-77e7-499b-a210-0e0f0febfec2",
  "Version": "Version 4",
  "Year": "2023"
},{
  "_id": {
    "$oid": "66606a8c734951374b265004"
  },
  "DealID": "orion 2006-1 ltd",
  "ID": "d3421326-0ec7-45fc-843a-d2352653df59",
  "Month": "5",
  "Status": "0",
  "User": "ssae93d4-77e7-499b-a210-0e0f0febfec2",
  "Version": "Version 6",
  "Year": "2023"
},{
  "_id": {
    "$oid": "66606a8c734951374b265005"
  },
  "DealID": "orion 2006-1 ltd",
  "ID": "fae537f2-ed95-4424-8543-7c94ab3a9110",
  "Month": "6",
  "Status": "1",
  "User": "ssae93d4-77e7-499b-a210-0e0f0febfec2",
  "Version": "Version 3",
  "Year": "2023"
},{
  "_id": {
    "$oid": "66606a8c734951374b265002"
  },
  "DealID": "orion2006-1test",
  "ID": "6d373db8-c614-4476-87b5-f0e15277769f",
  "Month": "3",
  "Status": "0",
  "User": "ssae93d4-77e7-499b-a210-0e0f0febfec2",
  "Version": "Version 12",
  "Year": "2023"
}]