[{
  "_id": {
    "$oid": "666069e4734951374b264ff5"
  },
  "ApproveStatus": "Approved",
  "Country": "United States",
  "EmailID": "monisha.subramanian@intainft.com",
  "FirstName": "Trustee",
  "LastName": "user",
  "MobileNumber": "9876543210",
  "OrgName": "trustee",
  "Password": "35735f86ab7ae461f1276e74a1df887f41dc0ecf65d8cfaebfcf42a37ac70a184361c3f90844b513affdfdcc0b5765d230a67832984b72414c851a1545f409f1",
  "PwdSalt": "b19ecd9ce3a2b286",
  "UserID": "4786c609-b9e2-4eb8-acb9-575af0aa6e51",
  "UserName": "Trustee",
  "UserRoleID": "12345-67891-0000-0001"
},{
  "_id": {
    "$oid": "666069e4734951374b264ff6"
  },
  "ApproveStatus": "Approved",
  "Country": "India",
  "EmailID": "monisha.subramanian@intainft.com",
  "FirstName": "test",
  "LastName": "trustee1",
  "MobileNumber": "admin",
  "OrgName": "trustee",
  "Password": "b094858316edf5441b6796998f651d3592e019ec93f1c8aa6b84d473e3751b8f1d08ba47d9901b3a146e03be4ba7f8e3511db6c7abcebfc311ee7a9d44d511e9",
  "PwdSalt": "c86e226b01bb9a39",
  "UserID": "74cf49e9-0f60-4559-acca-5a389b0bc638",
  "UserName": "testTrustee1",
  "UserRoleID": "12345-67891-0000-0001"
},{
  "_id": {
    "$oid": "666069e4734951374b264ff7"
  },
  "ApproveStatus": "Approved",
  "Country": "India",
  "EmailID": "monisha.subramanian@intainft.com",
  "FirstName": "admin",
  "LastName": "trustee",
  "MobileNumber": "741085209630",
  "OrgName": "trustee",
  "Password": "789035332cf045b3e40bc2ae53afb1b5596fbb14d9017d379df01019bed19aa2fb99259e376158f6954b4418214c0bb5f7204c788f0474d00cd12b23c332b0ba",
  "PwdSalt": "d749fd657f907789",
  "UserID": "ssae93d4-77e7-499b-a210-0e0f0febfec1",
  "UserName": "admin",
  "UserRoleID": "12345-67891-0000-0001"
},{
  "_id": {
    "$oid": "666069e4734951374b264ff8"
  },
  "ApproveStatus": "Approved",
  "Country": "India",
  "EmailID": "monisha.subramanian@intainft.com",
  "FirstName": "admin",
  "LastName": "orionissuer",
  "MobileNumber": "741085209630",
  "OrgName": "orionissuer",
  "Password": "789035332cf045b3e40bc2ae53afb1b5596fbb14d9017d379df01019bed19aa2fb99259e376158f6954b4418214c0bb5f7204c788f0474d00cd12b23c332b0ba",
  "PwdSalt": "d749fd657f907789",
  "UserID": "ssae93d4-77e7-499b-a210-0e0f0febfec2",
  "UserName": "admin",
  "UserRoleID": "12345-67891-0000-0002"
}]