[{
  "_id": {
    "$oid": "66606f32ee6dc03a731ac8c8"
  },
  "DealId": "ACACIA CDO 12, LTD",
  "Id": "18d6d52d-d91c-4b05-9672-95bd5b1879e8"
},{
  "_id": {
    "$oid": "66606f32ee6dc03a731ac8ca"
  },
  "DealId": "ah",
  "Id": "893e89dd-8186-4911-86f2-d7e781b6f831"
},{
  "_id": {
    "$oid": "66606f32ee6dc03a731ac8cd"
  },
  "DealId": "a",
  "Id": "c4948c68-60d8-4a7b-8f51-ada528986cbb"
},{
  "_id": {
    "$oid": "66606f32ee6dc03a731ac8cc"
  },
  "DealId": "ACACIA CDO 12, LTD",
  "Id": "a2586b1a-9222-4143-95ba-946cb8c83a7b"
},{
  "_id": {
    "$oid": "66606f32ee6dc03a731ac8cb"
  },
  "DealId": "ACACIA CDO 12, LTD",
  "Id": "956c20c1-88ae-4c44-8d9a-a54da7e0ddf6"
},{
  "_id": {
    "$oid": "66606f32ee6dc03a731ac8ce"
  },
  "DealId": "ACACIA CDO 12, LTD",
  "Id": "da44d6cd-04a5-442e-a949-36a1b90f8c9b"
},{
  "_id": {
    "$oid": "66606f32ee6dc03a731ac8c9"
  },
  "DealId": "acacia12test",
  "Id": "1eb285c5-c8dc-4217-b8df-96ad7302e490"
},{
  "_id": {
    "$oid": "66606f32ee6dc03a731ac8cf"
  },
  "DealId": "ACACIA CDO 12, LTD",
  "Id": "eb9127bd-5866-4b3c-8f1b-45b61b509064"
}]