[{
  "_id": {
    "$oid": "66606fe3ee6dc03a731ac8fb"
  },
  "DealName": "ACACIA CDO 12, LTD",
  "Month": "9",
  "Year": "2022",
  "Data": [
    {
      "GDealID": "acacia cdo 12, ltd",
      "GID": "a756e3d6-bb18-4c51-b6ca-f59260772896",
      "GMonth": "9",
      "GValue": "[{\"Key 1\":\"yes\",\"Key 2\":\"TRUE\",\"Key 3\":\"10/11/2022\",\"Key 4\":\"07/06/2022\",\"Key 5\":[\"ssae93d4-77e7-499b-a210-0e0f0febfec2\"],\"Key 6\":\"2.39057\",\"Key 7\":\"3.82571\",\"Key 8\":{\"interestcollected\":\"3689.13\",\"pricipalcollected\":\"101255\",\"expensecollected\":\"-47166.67\",\"paymentscollected\":\"0.00\"},\"Key 9\":{\"trusteeexpenseumb\":\"100000\",\"trusteeexpensesk\":\"10200\",\"intertrust\":\"0.00\",\"accountingexpenses\":\"0.00\",\"ratingagenciesmoodys\":\"30500\",\"dlapiper\":\"21300\",\"euronext\":\"0.00\",\"dorsey\":\"73331\",\"seniorcollateralmanagementfee\":\"1540.755385\",\"subordinatecollateralmanagerfee\":\"3851.8884625\",\"apbatbegcollectionperiod\":\"5654220.48\",\"cashatbegcollectionperiod\":\"508801.06\"},\"Key 10\":\"0.00\",\"Key 11\":\"Michele H. Voon\",\"Key 12\":\"100 William Street, Suite 1850, New York, NY 10038\",\"Key 13\":\"Michele.Voon@umb.com\"}]",
      "GYear": "2022"
    }
  ]
},{
  "_id": {
    "$oid": "6660709bee6dc03a731ac8fc"
  },
  "DealName": "ACACIA CDO 12, LTD",
  "Month": "10",
  "Year": "2022",
  "Data": [
    {
      "GDealID": "acacia cdo 12, ltd",
      "GID": "a8d5ed95-c086-49ef-adc0-c5b7da6142f9",
      "GMonth": "10",
      "GValue": "[{\"Key 1\":\"no\",\"Key 2\":\"FALSE\",\"Key 3\":\"11/10/2022\",\"Key 4\":\"10/06/2022\",\"Key 5\":[\"ssae93d4-77e7-499b-a210-0e0f0febfec2\"],\"Key 6\":\"3.82571\",\"Key 7\":\"0.00\",\"Key 8\":{\"interestcollected\":\"18082.27\",\"pricipalcollected\":\"378672.45\",\"expensecollected\":\"0.00\",\"paymentscollected\":\"0.00\"},\"Key 9\":{\"trusteeexpenseumb\":\"0.00\",\"trusteeexpensesk\":\"0.00\",\"intertrust\":\"0.00\",\"accountingexpenses\":\"0.00\",\"ratingagenciesmoodys\":\"0.00\",\"dlapiper\":\"0.00\",\"euronext\":\"0.00\",\"dorsey\":\"0.00\",\"seniorcollateralmanagementfee\":\"1506.9238575\",\"subordinatecollateralmanagerfee\":\"3767.30964375\",\"apbatbegcollectionperiod\":\"5637829\",\"cashatbegcollectionperiod\":\"389866.43\"},\"Key 10\":\"0.00\",\"Key 11\":\"Michele H. Voon\",\"Key 12\":\"100 William Street, Suite 1850, New York, NY 10038\",\"Key 13\":\"Michele.Voon@umb.com\"}]",
      "GYear": "2022"
    }
  ]
},{
  "_id": {
    "$oid": "666070a0ee6dc03a731ac8fd"
  },
  "DealName": "ACACIA CDO 12, LTD",
  "Month": "11",
  "Year": "2022",
  "Data": [
    {
      "GDealID": "acacia cdo 12, ltd",
      "GID": "aea54a60-ec5e-4c73-bf96-e57f23d7ee95",
      "GMonth": "11",
      "GValue": "[{\"Key 1\":\"no\",\"Key 2\":\"FALSE\",\"Key 3\":\"12/12/2022\",\"Key 4\":\"10/6/2022\",\"Key 5\":[\"ssae93d4-77e7-499b-a210-0e0f0febfec2\"],\"Key 6\":\"3.82571\",\"Key 7\":\"0.00\",\"Key 8\":{\"interestcollected\":\"19211.14\",\"pricipalcollected\":\"87776.87\",\"expensecollected\":\"0.00\",\"paymentscollected\":\"0.00\"},\"Key 9\":{\"trusteeexpenseumb\":\"0.00\",\"trusteeexpensesk\":\"8500.00\",\"intertrust\":\"0.00\",\"accountingexpenses\":\"0.00\",\"ratingagenciesmoodys\":\"0.00\",\"dlapiper\":\"0.00\",\"euronext\":\"0.00\",\"dorsey\":\"0.00\",\"seniorcollateralmanagementfee\":\"1506.9238575\",\"subordinatecollateralmanagerfee\":\"3767.30964375\",\"apbatbegcollectionperiod\":\"0.00\",\"cashatbegcollectionperiod\":\"0.00\"},\"Key 10\":\"0.00\",\"Key 11\":\"Michele H. Voon\",\"Key 12\":\"100 William Street, Suite 1850, New York, NY 10038\",\"Key 13\":\"Michele.Voon@umb.com\"}]",
      "GYear": "2022"
    }
  ]
},{
  "_id": {
    "$oid": "666070a6ee6dc03a731ac8fe"
  },
  "DealName": "ACACIA CDO 12, LTD",
  "Month": "12",
  "Year": "2022",
  "Data": [
    {
      "GDealID": "acacia cdo 12, ltd",
      "GID": "1dbc971a-fbd3-476e-939a-c82f4f5de7f7",
      "GMonth": "12",
      "GValue": "[{\"Key 1\":\"no\",\"Key 2\":\"TRUE\",\"Key 3\":\"01/12/2023\",\"Key 4\":\"10/06/2022\",\"Key 5\":[\"ssae93d4-77e7-499b-a210-0e0f0febfec2\"],\"Key 6\":\"3.82571\",\"Key 7\":\"0.00\",\"Key 8\":{\"interestcollected\":\"21214.42\",\"pricipalcollected\":\"5049065.12\",\"expensecollected\":\"0.00\",\"paymentscollected\":\"0.00\"},\"Key 9\":{\"trusteeexpenseumb\":\"0.00\",\"trusteeexpensesk\":\"8500\",\"intertrust\":\"0.00\",\"accountingexpenses\":\"0.00\",\"ratingagenciesmoodys\":\"0.00\",\"dlapiper\":\"0.00\",\"euronext\":\"0.00\",\"dorsey\":\"0.00\",\"seniorcollateralmanagementfee\":\"1506.9238575\",\"subordinatecollateralmanagerfee\":\"3767.30964375\",\"csc\":\"328.8\",\"apbatbegcollectionperiod\":\"5637829\",\"cashatbegcollectionperiod\":\"389866.43\"},\"Key 10\":\"0.00\",\"Key 11\":\"Michele H. Voon\",\"Key 12\":\"100 William Street, Suite 1850, New York, NY 10038\",\"Key 13\":\"Michele.Voon@umb.com\"}]",
      "GYear": "2022"
    }
  ]
},{
  "_id": {
    "$oid": "666070c8ee6dc03a731ac8ff"
  },
  "DealName": "ACACIA CDO 12, LTD",
  "Month": "1",
  "Year": "2023",
  "Data": [
    {
      "GDealID": "acacia cdo 12, ltd",
      "GID": "91901ff6-b28d-4dbf-a720-68e85e7eb6e3",
      "GMonth": "1",
      "GValue": "[{\"Key 1\":\"no\",\"Key 2\":\"FALSE\",\"Key 3\":\"02/10/2023\",\"Key 4\":\"01/05/2023\",\"Key 5\":[\"ssae93d4-77e7-499b-a210-0e0f0febfec2\"],\"Key 6\":\"4.81171\",\"Key 7\":\"0.00\",\"Key 8\":{\"interestcollected\":\"2700.77\",\"pricipalcollected\":\"71652.73\",\"expensecollected\":\"0.00\",\"paymentscollected\":\"0.00\"},\"Key 9\":{\"trusteeexpenseumb\":\"0.00\",\"trusteeexpensesk\":\"0.00\",\"intertrust\":\"0.00\",\"accountingexpenses\":\"0.00\",\"ratingagenciesmoodys\":\"0.00\",\"dlapiper\":\"0.00\",\"euronext\":\"0.00\",\"dorsey\":\"0.00\",\"seniorcollateralmanagementfee\":\"1530.8365925\",\"subordinatecollateralmanagerfee\":\"3827.09148125\",\"apbatbegcollectionperiod\":\"607831.93\",\"cashatbegcollectionperiod\":\"5515514.44\",\"csc\":\"0.00\",\"dcsm\":\"250000\"},\"Key 10\":\"0.00\",\"Key 11\":\"Michele H. Voon\",\"Key 12\":\"100 William Street, Suite 1850, New York, NY 10038\",\"Key 13\":\"Michele.Voon@umb.com\"}]",
      "GYear": "2023"
    }
  ]
},{
  "_id": {
    "$oid": "666070cdee6dc03a731ac900"
  },
  "DealName": "ACACIA CDO 12, LTD",
  "Month": "2",
  "Year": "2023",
  "Data": [
    {
      "GDealID": "acacia cdo 12, ltd",
      "GID": "5766849a-282c-4731-bdd8-fb121ee35bcc",
      "GMonth": "2",
      "GValue": "[{\"Key 1\":\"no\",\"Key 2\":\"FALSE\",\"Key 3\":\"03/10/2023\",\"Key 4\":\"01/05/2023\",\"Key 5\":[\"ssae93d4-77e7-499b-a210-0e0f0febfec2\"],\"Key 6\":\"4.81171\",\"Key 7\":\"0.00\",\"Key 8\":{\"interestcollected\":\"453.12\",\"pricipalcollected\":\"6611797.64\",\"expensecollected\":\"0.00\",\"paymentscollected\":\"0.00\"},\"Key 9\":{\"trusteeexpenseumb\":\"0.00\",\"trusteeexpensesk\":\"0.00\",\"intertrust\":\"0.00\",\"accountingexpenses\":\"0.00\",\"ratingagenciesmoodys\":\"0.00\",\"dlapiper\":\"0.00\",\"euronext\":\"0.00\",\"dorsey\":\"0.00\",\"seniorcollateralmanagementfee\":\"1530.8365925\",\"subordinatecollateralmanagerfee\":\"3827.09148125\",\"apbatbegcollectionperiod\":\"607831.93\",\"cashatbegcollectionperiod\":\"5515514.44\",\"csc\":\"0.00\",\"dcsm\":\"250000\"},\"Key 10\":\"0.00\",\"Key 11\":\"Michele H. Voon\",\"Key 12\":\"100 William Street, Suite 1850, New York, NY 10038\",\"Key 13\":\"Michele.Voon@umb.com\"}]",
      "GYear": "2023"
    }
  ]
},{
  "_id": {
    "$oid": "666070d1ee6dc03a731ac901"
  },
  "DealName": "ACACIA CDO 12, LTD",
  "Month": "3",
  "Year": "2023",
  "Data": [
    {
      "GDealID": "acacia cdo 12, ltd",
      "GID": "15319b22-1ecc-4f66-9074-0863a536e282",
      "GMonth": "3",
      "GValue": "[{\"Key 1\":\"no\",\"Key 2\":\"TRUE\",\"Key 3\":\"03/10/2023\",\"Key 4\":\"01/05/2023\",\"Key 5\":[\"ssae93d4-77e7-499b-a210-0e0f0febfec2\"],\"Key 6\":\"4.81171\",\"Key 7\":\"0.00\",\"Key 8\":{\"interestcollected\":\"1829.91\",\"pricipalcollected\":\"18540.58\",\"expensecollected\":\"0.00\",\"paymentscollected\":\"0.00\"},\"Key 9\":{\"trusteeexpenseumb\":\"18250\",\"trusteeexpensesk\":\"0.00\",\"intertrust\":\"0.00\",\"accountingexpenses\":\"0.00\",\"ratingagenciesmoodys\":\"0.00\",\"dlapiper\":\"0.00\",\"euronext\":\"0.00\",\"dorsey\":\"0.00\",\"seniorcollateralmanagementfee\":\"1530.836593\",\"subordinatecollateralmanagerfee\":\"3827.091481\",\"apbatbegcollectionperiod\":\"607831.93\",\"cashatbegcollectionperiod\":\"5515514.44\",\"csc\":\"0.00\",\"dcsm\":\"250000\"},\"Key 10\":\"0.00\",\"Key 11\":\"Michele H. Voon\",\"Key 12\":\"100 William Street, Suite 1850, New York, NY 10038\",\"Key 13\":\"Michele.Voon@umb.com\"}]",
      "GYear": "2023"
    }
  ]
}]