[{
  "_id": {
    "$oid": "66606f4eee6dc03a731ac8d9"
  },
  "DealID": "acacia12test",
  "ID": "cb7b0b00-6461-40aa-9e5e-fc07c1449b47",
  "Month": "2",
  "Status": "1",
  "User": "ssae93d4-77e7-499b-a210-0e0f0febfec2",
  "Version": "Version 5",
  "Year": "2023"
},{
  "_id": {
    "$oid": "66606f4eee6dc03a731ac8d0"
  },
  "DealID": "acacia12test",
  "ID": "0c4bf9a6-2faa-4cdc-8519-67a6fd119c47",
  "Month": "9",
  "Status": "1",
  "User": "ssae93d4-77e7-499b-a210-0e0f0febfec2",
  "Version": "Version 11",
  "Year": "2022"
},{
  "_id": {
    "$oid": "66606f4eee6dc03a731ac8dd"
  },
  "DealID": "acacia12test",
  "ID": "d085efd8-6fb3-44b5-a2b2-bcbe3b551539",
  "Month": "1",
  "Status": "1",
  "User": "ssae93d4-77e7-499b-a210-0e0f0febfec2",
  "Version": "Version 5",
  "Year": "2023"
},{
  "_id": {
    "$oid": "66606f4eee6dc03a731ac8d1"
  },
  "DealID": "acacia cdo 12, ltd",
  "ID": "1c605f34-0e21-4669-a040-b11aa0d069d4",
  "Month": "1",
  "Status": "1",
  "User": "ssae93d4-77e7-499b-a210-0e0f0febfec2",
  "Version": "Version 2",
  "Year": "2023"
},{
  "_id": {
    "$oid": "66606f4eee6dc03a731ac8d3"
  },
  "DealID": "acacia cdo 12, ltd",
  "ID": "27bd0a48-9cdb-4218-9b59-3e1d1ac56724",
  "Month": "3",
  "Status": "1",
  "User": "ssae93d4-77e7-499b-a210-0e0f0febfec2",
  "Version": "Version 2",
  "Year": "2023"
},{
  "_id": {
    "$oid": "66606f4eee6dc03a731ac8d5"
  },
  "DealID": "acacia cdo 12, ltd",
  "ID": "5b020101-5d84-4956-9028-27631dea1b20",
  "Month": "11",
  "Status": "1",
  "User": "ssae93d4-77e7-499b-a210-0e0f0febfec2",
  "Version": "Version 5",
  "Year": "2022"
},{
  "_id": {
    "$oid": "66606f4eee6dc03a731ac8db"
  },
  "DealID": "acacia cdo 12, ltd",
  "ID": "7bd19baf-5269-4524-8c36-5b2d8c56c748",
  "Month": "12",
  "Status": "1",
  "User": "ssae93d4-77e7-499b-a210-0e0f0febfec2",
  "Version": "Version 4",
  "Year": "2022"
},{
  "_id": {
    "$oid": "66606f4eee6dc03a731ac8d4"
  },
  "DealID": "acacia12test",
  "ID": "5666e94a-f46c-4d1f-871b-46439f653937",
  "Month": "11",
  "Status": "0",
  "User": "ssae93d4-77e7-499b-a210-0e0f0febfec2",
  "Version": "Version 5",
  "Year": "2022"
},{
  "_id": {
    "$oid": "66606f4eee6dc03a731ac8d8"
  },
  "DealID": "acacia12test",
  "ID": "8be6e92c-93de-40f8-a813-018a9f89fa0e",
  "Month": "11",
  "Status": "0",
  "User": "",
  "Version": "Version 1",
  "Year": "2022"
},{
  "_id": {
    "$oid": "66606f4eee6dc03a731ac8da"
  },
  "DealID": "acacia cdo 12, ltd",
  "ID": "da575c48-0771-45e9-8628-c0797b4569cd",
  "Month": "2",
  "Status": "1",
  "User": "ssae93d4-77e7-499b-a210-0e0f0febfec2",
  "Version": "Version 1",
  "Year": "2023"
},{
  "_id": {
    "$oid": "66606f4eee6dc03a731ac8de"
  },
  "DealID": "acacia cdo 12, ltd",
  "ID": "d3f294d7-9e5d-4e2e-baa7-4b3c789989aa",
  "Month": "9",
  "Status": "1",
  "User": "ssae93d4-77e7-499b-a210-0e0f0febfec2",
  "Version": "Version 2",
  "Year": "2022"
},{
  "_id": {
    "$oid": "66606f4eee6dc03a731ac8d6"
  },
  "DealID": "acacia12test",
  "ID": "607c140f-cfff-4946-b536-bf2ecb929429",
  "Month": "6",
  "Status": "0",
  "User": "ssae93d4-77e7-499b-a210-0e0f0febfec2",
  "Version": "Version 1",
  "Year": "2022"
},{
  "_id": {
    "$oid": "66606f4eee6dc03a731ac8e0"
  },
  "DealID": "acacia12test",
  "ID": "f6c38fd6-9618-4aa5-b3b5-653d11eee849",
  "Month": "3",
  "Status": "1",
  "User": "ssae93d4-77e7-499b-a210-0e0f0febfec2",
  "Version": "Version 4",
  "Year": "2023"
},{
  "_id": {
    "$oid": "66606f4eee6dc03a731ac8d2"
  },
  "DealID": "acacia12test",
  "ID": "1e07846d-6c9b-449c-a293-c33e0ee4dfe9",
  "Month": "10",
  "Status": "0",
  "User": "ssae93d4-77e7-499b-a210-0e0f0febfec2",
  "Version": "Version 8",
  "Year": "2022"
},{
  "_id": {
    "$oid": "66606f4eee6dc03a731ac8dc"
  },
  "DealID": "acacia12test",
  "ID": "f96eadab-e1ed-4147-834d-a26f2eecad43",
  "Month": "11",
  "Status": "0",
  "User": "",
  "Version": "Version 1",
  "Year": "2022"
},{
  "_id": {
    "$oid": "66606f4eee6dc03a731ac8d7"
  },
  "DealID": "acacia12test",
  "ID": "6ac14022-2d8d-4e94-85f9-8c824aa0233c",
  "Month": "12",
  "Status": "1",
  "User": "ssae93d4-77e7-499b-a210-0e0f0febfec2",
  "Version": "Version 5",
  "Year": "2022"
},{
  "_id": {
    "$oid": "66606f4eee6dc03a731ac8df"
  },
  "DealID": "acacia cdo 12, ltd",
  "ID": "e9c5563e-3b42-497f-a724-41fe4be4e502",
  "Month": "10",
  "Status": "1",
  "User": "ssae93d4-77e7-499b-a210-0e0f0febfec2",
  "Version": "Version 1",
  "Year": "2022"
}]