[{
  "_id": {
    "$oid": "66606f64ee6dc03a731ac8e1"
  },
  "trCurrentDate": "08-10-2022",
  "trDealId": "acacia cdo 12, ltd",
  "trID": "0b10e4d6-4626-41b0-a194-c8c08cab4ea9",
  "trName": "C",
  "trOriginalBalance": "13500000",
  "trSeqNo": "7",
  "trUserID": "4786c609-b9e2-4eb8-acb9-575af0aa6e51",
  "trcusip": "00400DAD9"
},{
  "_id": {
    "$oid": "66606f64ee6dc03a731ac8e7"
  },
  "trCurrentDate": "08-10-2022",
  "trDealId": "acacia cdo 12, ltd",
  "trID": "33833c78-38af-4b11-8005-c13e5df05893",
  "trName": "C",
  "trOriginalBalance": "500000",
  "trSeqNo": "8",
  "trUserID": "4786c609-b9e2-4eb8-acb9-575af0aa6e51",
  "trcusip": "G0065RAD7"
},{
  "_id": {
    "$oid": "66606f64ee6dc03a731ac8eb"
  },
  "trCurrentDate": "08-10-2022",
  "trDealId": "acacia cdo 12, ltd",
  "trID": "6cf06884-df5b-49a4-9940-dde6604c9b74",
  "trName": "SUBORD",
  "trOriginalBalance": "42000000",
  "trSeqNo": "10",
  "trUserID": "4786c609-b9e2-4eb8-acb9-575af0aa6e51",
  "trcusip": "00400CAA7"
},{
  "_id": {
    "$oid": "66606f64ee6dc03a731ac8f6"
  },
  "trCurrentDate": "06-10-2022",
  "trDealId": "ah",
  "trID": "f2d9fffc-ad47-4a00-8321-74e07d4419d3",
  "trName": "aj",
  "trOriginalBalance": "aj",
  "trSeqNo": "1",
  "trUserID": "4786c609-b9e2-4eb8-acb9-575af0aa6e51",
  "trcusip": "aj"
},{
  "_id": {
    "$oid": "66606f64ee6dc03a731ac8e4"
  },
  "trCurrentDate": "08-10-2022",
  "trDealId": "acacia cdo 12, ltd",
  "trID": "22d6e13d-fdf2-4f2e-9a6c-5593cacd3b51",
  "trName": "A2",
  "trOriginalBalance": "0",
  "trSeqNo": "3",
  "trUserID": "4786c609-b9e2-4eb8-acb9-575af0aa6e51",
  "trcusip": "00400DAB3"
},{
  "_id": {
    "$oid": "66606f64ee6dc03a731ac8ee"
  },
  "trCurrentDate": "08-10-2022",
  "trDealId": "acacia cdo 12, ltd",
  "trID": "7daf11d0-7e21-4600-85a0-7bd9a176573f",
  "trName": "A2",
  "trOriginalBalance": "100000000",
  "trSeqNo": "4",
  "trUserID": "4786c609-b9e2-4eb8-acb9-575af0aa6e51",
  "trcusip": "G0065RAB1"
},{
  "_id": {
    "$oid": "66606f64ee6dc03a731ac8f1"
  },
  "trCurrentDate": "06-10-2022",
  "trDealId": "acacia12test",
  "trID": "9ba827a8-68fd-41ec-928d-ea13f35d0657",
  "trName": "D",
  "trOriginalBalance": "11500000",
  "trSeqNo": "9",
  "trUserID": "4786c609-b9e2-4eb8-acb9-575af0aa6e51",
  "trcusip": "00400DAE7"
},{
  "_id": {
    "$oid": "66606f64ee6dc03a731ac8f3"
  },
  "trCurrentDate": "06-10-2022",
  "trDealId": "acacia12test",
  "trID": "b2bf461c-ed1c-4ac2-8772-669baaea8877",
  "trName": "A1",
  "trOriginalBalance": "271500000",
  "trSeqNo": "1",
  "trUserID": "4786c609-b9e2-4eb8-acb9-575af0aa6e51",
  "trcusip": "00400DAA5"
},{
  "_id": {
    "$oid": "66606f64ee6dc03a731ac8e3"
  },
  "trCurrentDate": "06-10-2022",
  "trDealId": "acacia12test",
  "trID": "188d14d5-a3f3-4132-89b1-e440c992f636",
  "trName": "C",
  "trOriginalBalance": "13500000",
  "trSeqNo": "7",
  "trUserID": "4786c609-b9e2-4eb8-acb9-575af0aa6e51",
  "trcusip": "00400DAD9"
},{
  "_id": {
    "$oid": "66606f64ee6dc03a731ac8e5"
  },
  "trCurrentDate": "08-10-2022",
  "trDealId": "acacia cdo 12, ltd",
  "trID": "2370f6e1-efdd-4052-8fdb-00ff33dbbb85",
  "trName": "B",
  "trOriginalBalance": "16000000",
  "trSeqNo": "5",
  "trUserID": "4786c609-b9e2-4eb8-acb9-575af0aa6e51",
  "trcusip": "00400DAC1"
},{
  "_id": {
    "$oid": "66606f64ee6dc03a731ac8ec"
  },
  "trCurrentDate": "06-10-2022",
  "trDealId": "acacia12test",
  "trID": "78d60d11-fa10-4978-b6ae-4965af769443",
  "trName": "C",
  "trOriginalBalance": "500000",
  "trSeqNo": "8",
  "trUserID": "4786c609-b9e2-4eb8-acb9-575af0aa6e51",
  "trcusip": "G0065RAD7"
},{
  "_id": {
    "$oid": "66606f64ee6dc03a731ac8ed"
  },
  "trCurrentDate": "06-10-2022",
  "trDealId": "acacia12test",
  "trID": "7c62c3ac-1b5a-45f6-b464-ddf87f0ae370",
  "trName": "B",
  "trOriginalBalance": "16000000",
  "trSeqNo": "5",
  "trUserID": "4786c609-b9e2-4eb8-acb9-575af0aa6e51",
  "trcusip": "00400DAC1"
},{
  "_id": {
    "$oid": "66606f64ee6dc03a731ac8ef"
  },
  "trCurrentDate": "06-10-2022",
  "trDealId": "acacia12test",
  "trID": "7fb96f7a-d0b5-4c43-8d0d-49c91f9f2542",
  "trName": "A2",
  "trOriginalBalance": "0",
  "trSeqNo": "3",
  "trUserID": "4786c609-b9e2-4eb8-acb9-575af0aa6e51",
  "trcusip": "00400DAB3"
},{
  "_id": {
    "$oid": "66606f64ee6dc03a731ac8e9"
  },
  "trCurrentDate": "06-10-2022",
  "trDealId": "acacia12test",
  "trID": "495811cf-fe2b-456a-b06d-fdb4352d3a7b",
  "trName": "A1",
  "trOriginalBalance": "20000000",
  "trSeqNo": "2",
  "trUserID": "4786c609-b9e2-4eb8-acb9-575af0aa6e51",
  "trcusip": "G0065RAA3"
},{
  "_id": {
    "$oid": "66606f64ee6dc03a731ac8f5"
  },
  "trCurrentDate": "08-10-2022",
  "trDealId": "acacia cdo 12, ltd",
  "trID": "efdf4e84-cac5-4648-9362-db316c1301d5",
  "trName": "A1",
  "trOriginalBalance": "271500000",
  "trSeqNo": "1",
  "trUserID": "4786c609-b9e2-4eb8-acb9-575af0aa6e51",
  "trcusip": "00400DAA5"
},{
  "_id": {
    "$oid": "66606f64ee6dc03a731ac8e2"
  },
  "trCurrentDate": "06-10-2022",
  "trDealId": "acacia12test",
  "trID": "12d799b4-1a6e-4f06-bbf5-155839fe4392",
  "trName": "A2",
  "trOriginalBalance": "100000000",
  "trSeqNo": "4",
  "trUserID": "4786c609-b9e2-4eb8-acb9-575af0aa6e51",
  "trcusip": "G0065RAB1"
},{
  "_id": {
    "$oid": "66606f64ee6dc03a731ac8e6"
  },
  "trCurrentDate": "06-10-2022",
  "trDealId": "acacia12test",
  "trID": "2bf10b0f-a47f-4234-abd3-2e38d251d15d",
  "trName": "B",
  "trOriginalBalance": "25000000",
  "trSeqNo": "6",
  "trUserID": "4786c609-b9e2-4eb8-acb9-575af0aa6e51",
  "trcusip": "G0065RAC9"
},{
  "_id": {
    "$oid": "66606f64ee6dc03a731ac8f0"
  },
  "trCurrentDate": "08-10-2022",
  "trDealId": "acacia cdo 12, ltd",
  "trID": "965195c3-ad85-4d0a-9e2a-7afbf36bb9b9",
  "trName": "B",
  "trOriginalBalance": "25000000",
  "trSeqNo": "6",
  "trUserID": "4786c609-b9e2-4eb8-acb9-575af0aa6e51",
  "trcusip": "G0065RAC9"
},{
  "_id": {
    "$oid": "66606f64ee6dc03a731ac8ea"
  },
  "trCurrentDate": "08-10-2022",
  "trDealId": "acacia cdo 12, ltd",
  "trID": "50e43107-125b-4d14-88fc-a3eeb5ec5b61",
  "trName": "D",
  "trOriginalBalance": "11500000",
  "trSeqNo": "9",
  "trUserID": "4786c609-b9e2-4eb8-acb9-575af0aa6e51",
  "trcusip": "00400DAE7"
},{
  "_id": {
    "$oid": "66606f64ee6dc03a731ac8f2"
  },
  "trCurrentDate": "06-10-2022",
  "trDealId": "acacia12test",
  "trID": "a30d7725-d7e1-4819-b155-3663cef55822",
  "trName": "SUBORD",
  "trOriginalBalance": "42000000",
  "trSeqNo": "10",
  "trUserID": "4786c609-b9e2-4eb8-acb9-575af0aa6e51",
  "trcusip": "00400CAA7"
},{
  "_id": {
    "$oid": "66606f64ee6dc03a731ac8f4"
  },
  "trCurrentDate": "08-10-2022",
  "trDealId": "acacia cdo 12, ltd",
  "trID": "caa55976-2450-41c0-8d2a-ff630ffc2c72",
  "trName": "A1",
  "trOriginalBalance": "20000000",
  "trSeqNo": "2",
  "trUserID": "4786c609-b9e2-4eb8-acb9-575af0aa6e51",
  "trcusip": "G0065RAA3"
},{
  "_id": {
    "$oid": "66606f64ee6dc03a731ac8e8"
  },
  "trCurrentDate": "06-10-2022",
  "trDealId": "a",
  "trID": "47d8464c-3ca5-41e2-8312-c060c6a20bd7",
  "trName": "a",
  "trOriginalBalance": "a",
  "trSeqNo": "1",
  "trUserID": "4786c609-b9e2-4eb8-acb9-575af0aa6e51",
  "trcusip": "a"
}]