[{
  "_id": {
    "$oid": "66606ee7ee6dc03a731ac8be"
  },
  "ApproveStatus": "Approved",
  "Country": "India",
  "EmailID": "monisha.subramanian@intainft.com",
  "FirstName": "test",
  "LastName": "trustee1",
  "MobileNumber": "admin",
  "OrgName": "trustee",
  "Password": "e9ded85bbfcc433b59907795c47c1e0b9409e59dade291b2f6ed32493a671b65abd9935ff657863a1b14c42803811996f5ef3907fde906702e7ff89f47c76589",
  "PwdSalt": "ee2984faddda3d69",
  "UserID": "74cf49e9-0f60-4559-acca-5a389b0bc638",
  "UserName": "testTrustee1",
  "UserRoleID": "12345-67891-0000-0001"
},{
  "_id": {
    "$oid": "66606ee7ee6dc03a731ac8c0"
  },
  "ApproveStatus": "Pending",
  "Country": "",
  "EmailID": "mohana.a@intainft.com",
  "FirstName": "",
  "LastName": "",
  "MobileNumber": "",
  "OrgName": "issuer",
  "Password": "",
  "PwdSalt": "",
  "UserID": "f1540021-19f2-4ffa-9091-bbd938fc19ea",
  "UserName": "Issuer",
  "UserRoleID": "12345-67891-0000-0002"
},{
  "_id": {
    "$oid": "66606ee7ee6dc03a731ac8bd"
  },
  "ApproveStatus": "Approved",
  "Country": "United States",
  "EmailID": "monisha.subramanian@intainft.com",
  "FirstName": "Trustee",
  "LastName": "user",
  "MobileNumber": "9876543210",
  "OrgName": "trustee",
  "Password": "bcc748c969e3366adc2d551962c38ff0a131ca45dbb299edfaa424718957ef689fd76a11c5fb4be1939a0fab4c6d6a5f20543d2510859f5de5425dade228f6f2",
  "PwdSalt": "bd4b77ea5dddac10",
  "UserID": "4786c609-b9e2-4eb8-acb9-575af0aa6e51",
  "UserName": "Trustee",
  "UserRoleID": "12345-67891-0000-0001"
},{
  "_id": {
    "$oid": "66606ee7ee6dc03a731ac8c2"
  },
  "ApproveStatus": "Approved",
  "Country": "India",
  "EmailID": "somia.sakthiganeshan@intainft.com",
  "FirstName": "admin",
  "LastName": "trustee",
  "MobileNumber": "741085209630",
  "OrgName": "trustee",
  "Password": "789035332cf045b3e40bc2ae53afb1b5596fbb14d9017d379df01019bed19aa2fb99259e376158f6954b4418214c0bb5f7204c788f0474d00cd12b23c332b0ba",
  "PwdSalt": "d749fd657f907789",
  "UserID": "ssae93d4-77e7-499b-a210-0e0f0febfec1",
  "UserName": "admin",
  "UserRoleID": "12345-67891-0000-0001"
},{
  "_id": {
    "$oid": "66606ee7ee6dc03a731ac8c3"
  },
  "ApproveStatus": "Approved",
  "Country": "India",
  "EmailID": "somia.sakthiganeshan@intainft.com",
  "FirstName": "admin",
  "LastName": "issuer",
  "MobileNumber": "741085209630",
  "OrgName": "issuer",
  "Password": "789035332cf045b3e40bc2ae53afb1b5596fbb14d9017d379df01019bed19aa2fb99259e376158f6954b4418214c0bb5f7204c788f0474d00cd12b23c332b0ba",
  "PwdSalt": "d749fd657f907789",
  "UserID": "ssae93d4-77e7-499b-a210-0e0f0febfec2",
  "UserName": "admin",
  "UserRoleID": "12345-67891-0000-0002"
},{
  "_id": {
    "$oid": "66606ee7ee6dc03a731ac8c1"
  },
  "ApproveStatus": "Pending",
  "Country": "",
  "EmailID": "mohana.a@intainft.com",
  "FirstName": "",
  "LastName": "",
  "MobileNumber": "",
  "OrgName": "issuer",
  "Password": "",
  "PwdSalt": "",
  "UserID": "f7559924-66e6-4b33-b091-7a6cb83713ee",
  "UserName": "admin",
  "UserRoleID": "12345-67891-0000-0002"
},{
  "_id": {
    "$oid": "66606ee7ee6dc03a731ac8bf"
  },
  "ApproveStatus": "Pending",
  "Country": "",
  "EmailID": "somia.sakthiganeshan@intainft.com",
  "FirstName": "",
  "LastName": "",
  "MobileNumber": "",
  "OrgName": "trustee",
  "Password": "",
  "PwdSalt": "",
  "UserID": "d2754238-7d6a-47cf-8e57-d2f64fbd11e5",
  "UserName": "testTrustee",
  "UserRoleID": "12345-67891-0000-0001"
},{
  "_id": {
    "$oid": "66606ee7ee6dc03a731ac8c5"
  },
  "ApproveStatus": "Approved",
  "Country": "India",
  "EmailID": "mohana.a@intainft.com",
  "FirstName": "admin",
  "LastName": "issuer",
  "MobileNumber": "741085209630",
  "OrgName": "issuer",
  "Password": "a54b2f883504ca382462fa9e86ce0c063aa3acc8f052ea7159c7ce2e73b19bf01a9aaa1487033167edaf1b87c6272da5c866451bb250b82ac007a8b7411b0849",
  "PwdSalt": "3a91fbda0b584692",
  "UserID": "ssae93d4-77e7-499b-a210-0e0f0febfec8",
  "UserName": "admin",
  "UserRoleID": "12345-67891-0000-0002"
},{
  "_id": {
    "$oid": "66606ee7ee6dc03a731ac8c4"
  },
  "ApproveStatus": "Approved",
  "Country": "India",
  "EmailID": "mohana.a@intainft.com",
  "FirstName": "admin",
  "LastName": "issuer",
  "MobileNumber": "741085209630",
  "OrgName": "issuer",
  "Password": "a54b2f883504ca382462fa9e86ce0c063aa3acc8f052ea7159c7ce2e73b19bf01a9aaa1487033167edaf1b87c6272da5c866451bb250b82ac007a8b7411b0849",
  "PwdSalt": "3a91fbda0b584692",
  "UserID": "ssae93d4-77e7-499b-a210-0e0f0febfec9",
  "UserName": "admin",
  "UserRoleID": "12345-67891-0000-0002"
}]