[{
  "_id": {
    "$oid": "66606f75ee6dc03a731ac8f7"
  },
  "isDealId": "ah",
  "isEndDate": "",
  "isId": "3cae4693-3e49-4c7a-9850-2db4684fd951",
  "isNoOfDays": "",
  "isReportingDate": "",
  "isStartDate": ""
},{
  "_id": {
    "$oid": "66606f75ee6dc03a731ac8f8"
  },
  "isDealId": "acacia12test",
  "isEndDate": "",
  "isId": "839c2c8c-b8e7-44ac-a58d-fa145206cc57",
  "isNoOfDays": "",
  "isReportingDate": "",
  "isStartDate": ""
},{
  "_id": {
    "$oid": "66606f75ee6dc03a731ac8fa"
  },
  "isDealId": "a",
  "isEndDate": "",
  "isId": "fbab1cf0-6dca-4332-bd72-5bd089430942",
  "isNoOfDays": "",
  "isReportingDate": "",
  "isStartDate": ""
},{
  "_id": {
    "$oid": "66606f75ee6dc03a731ac8f9"
  },
  "isDealId": "acacia cdo 12, ltd",
  "isEndDate": "",
  "isId": "afcbfbe6-00a1-4c51-893c-86e7ebae15a9",
  "isNoOfDays": "",
  "isReportingDate": "",
  "isStartDate": ""
}]